﻿<?xml version="1.0" encoding="UTF-8" standalone="no"?><BICS_VIEW><MODULES/><INFO_PROVIDER name="ZD_SO_C01"/><QUERY name="ZD_SO_C01_CUSTMAP01"><DUE_DATE>20160707</DUE_DATE></QUERY><VARIABLES/><SELECTION_SPACE_SORTING type="OBJECT_LIST"><OBJECT_LIST/></SELECTION_SPACE_SORTING><SELECTION_STATE_SORTING type="OBJECT_LIST"><OBJECT_LIST><OBJECT>KEYFIGURES</OBJECT><OBJECT>0D_NW_BP</OBJECT><OBJECT>0D_NW_SO</OBJECT><OBJECT>0D_NW_PRCAT</OBJECT><OBJECT>0D_NW_PRID</OBJECT><OBJECT>0CALQUART1</OBJECT><OBJECT>0CALYEAR</OBJECT><OBJECT>0CALMONTH2</OBJECT><OBJECT>0CALDAY</OBJECT><OBJECT>0CALQUARTER</OBJECT><OBJECT>0CALMONTH</OBJECT><OBJECT>0D_NW_POCS</OBJECT><OBJECT>0D_NW_PRID__0D_NW_PRCAT</OBJECT><OBJECT>0D_NW_PRDGP</OBJECT><OBJECT>0D_NW_BP__0D_NW_CNTRY</OBJECT><OBJECT>0D_NW_POLS</OBJECT><OBJECT>0D_NW_BP__0D_NW_REGIO</OBJECT><OBJECT>0D_NW_ROLE</OBJECT></OBJECT_LIST></SELECTION_STATE_SORTING><SELECTION_STATE><SELECTION type="CARTESIAN_PRODUCT"><CHARACTERISTICS><CHARACTERISTIC name="KEYFIGURES"><SELECTIONS><SELECTION type="SINGLE_MEMBER"><MEMBER name="A83Y2FPNS2H7DCEHG43W741JM" type="MEMBER"/></SELECTION></SELECTIONS></CHARACTERISTIC><CHARACTERISTIC name="0D_NW_BP"><SELECTIONS/></CHARACTERISTIC><CHARACTERISTIC name="0D_NW_SO"><SELECTIONS/></CHARACTERISTIC><CHARACTERISTIC name="0D_NW_PRCAT"><SELECTIONS/></CHARACTERISTIC><CHARACTERISTIC name="0D_NW_PRID"><SELECTIONS/></CHARACTERISTIC><CHARACTERISTIC name="0CALQUART1"><SELECTIONS/></CHARACTERISTIC><CHARACTERISTIC name="0CALYEAR"><SELECTIONS/></CHARACTERISTIC><CHARACTERISTIC name="0CALMONTH2"><SELECTIONS/></CHARACTERISTIC><CHARACTERISTIC name="0CALDAY"><SELECTIONS/></CHARACTERISTIC><CHARACTERISTIC name="0CALQUARTER"><SELECTIONS/></CHARACTERISTIC><CHARACTERISTIC name="0CALMONTH"><SELECTIONS/></CHARACTERISTIC><CHARACTERISTIC name="0D_NW_POCS"><SELECTIONS/></CHARACTERISTIC><CHARACTERISTIC name="0D_NW_PRID__0D_NW_PRCAT"><SELECTIONS/></CHARACTERISTIC><CHARACTERISTIC name="0D_NW_PRDGP"><SELECTIONS/></CHARACTERISTIC><CHARACTERISTIC name="0D_NW_BP__0D_NW_CNTRY"><SELECTIONS/></CHARACTERISTIC><CHARACTERISTIC name="0D_NW_POLS"><SELECTIONS/></CHARACTERISTIC><CHARACTERISTIC name="0D_NW_BP__0D_NW_REGIO"><SELECTIONS/></CHARACTERISTIC><CHARACTERISTIC name="0D_NW_ROLE"><SELECTIONS/></CHARACTERISTIC></CHARACTERISTICS></SELECTION></SELECTION_STATE><CHARACTERISTICS><CHARACTERISTIC name="0D_NW_SO"><VISUALIZATION_LEVEL>DEFAULT</VISUALIZATION_LEVEL><ATTRIBUTES><ATTRIBUTE name="0D_NW_CA"><VISUALIZATION_LEVEL>DEFAULT</VISUALIZATION_LEVEL><MEMBER_ACCESS><PRESENTATIONS><PRESENTATION>DISPLAY_KEY</PRESENTATION></PRESENTATIONS><SORTING type="DEFAULT"><PREDEFINED_MEMBERS_ORDER/><DIRECTION>ASCENDING</DIRECTION></SORTING></MEMBER_ACCESS><SELECTION><PRESENTATIONS binding="MEMBER_ACCESS"/></SELECTION><CUSTOM_PARAMETERS/><RESULT_SET><PRESENTATIONS><PRESENTATION>DISPLAY_KEY</PRESENTATION></PRESENTATIONS><ATTRIBUTES/></RESULT_SET></ATTRIBUTE><ATTRIBUTE name="0D_NW_CHAT"><VISUALIZATION_LEVEL>DEFAULT</VISUALIZATION_LEVEL><MEMBER_ACCESS><PRESENTATIONS><PRESENTATION>DISPLAY_KEY</PRESENTATION></PRESENTATIONS><SORTING type="DEFAULT"><PREDEFINED_MEMBERS_ORDER/><DIRECTION>ASCENDING</DIRECTION></SORTING></MEMBER_ACCESS><SELECTION><PRESENTATIONS binding="MEMBER_ACCESS"/></SELECTION><CUSTOM_PARAMETERS/><RESULT_SET><PRESENTATIONS><PRESENTATION>DISPLAY_KEY</PRESENTATION></PRESENTATIONS><ATTRIBUTES/></RESULT_SET></ATTRIBUTE><ATTRIBUTE name="0D_NW_CHB"><VISUALIZATION_LEVEL>DEFAULT</VISUALIZATION_LEVEL><MEMBER_ACCESS><PRESENTATIONS><PRESENTATION>DISPLAY_KEY</PRESENTATION></PRESENTATIONS><SORTING type="DEFAULT"><PREDEFINED_MEMBERS_ORDER/><DIRECTION>ASCENDING</DIRECTION></SORTING></MEMBER_ACCESS><SELECTION><PRESENTATIONS binding="MEMBER_ACCESS"/></SELECTION><CUSTOM_PARAMETERS/><RESULT_SET><PRESENTATIONS><PRESENTATION>DISPLAY_KEY</PRESENTATION></PRESENTATIONS><ATTRIBUTES/></RESULT_SET></ATTRIBUTE><ATTRIBUTE name="0D_NW_CRB"><VISUALIZATION_LEVEL>DEFAULT</VISUALIZATION_LEVEL><MEMBER_ACCESS><PRESENTATIONS><PRESENTATION>DISPLAY_KEY</PRESENTATION></PRESENTATIONS><SORTING type="DEFAULT"><PREDEFINED_MEMBERS_ORDER/><DIRECTION>ASCENDING</DIRECTION></SORTING></MEMBER_ACCESS><SELECTION><PRESENTATIONS binding="MEMBER_ACCESS"/></SELECTION><CUSTOM_PARAMETERS/><RESULT_SET><PRESENTATIONS><PRESENTATION>DISPLAY_KEY</PRESENTATION></PRESENTATIONS><ATTRIBUTES/></RESULT_SET></ATTRIBUTE></ATTRIBUTES><MEMBER_ACCESS mode="BOOKED_VALUES"><PRESENTATIONS><PRESENTATION>DISPLAY_KEY</PRESENTATION></PRESENTATIONS><ATTRIBUTES><ATTRIBUTE>0D_NW_CA</ATTRIBUTE><ATTRIBUTE>0D_NW_CHAT</ATTRIBUTE><ATTRIBUTE>0D_NW_CHB</ATTRIBUTE><ATTRIBUTE>0D_NW_CRB</ATTRIBUTE></ATTRIBUTES><SORTING type="DEFAULT"><PREDEFINED_MEMBERS_ORDER/><DIRECTION>ASCENDING</DIRECTION></SORTING></MEMBER_ACCESS><SELECTION><PRESENTATIONS binding="MEMBER_ACCESS"/><ATTRIBUTES/></SELECTION><CUSTOM_PARAMETERS/><HIERARCHY dueDate="00000000" name=""/><RESULT_SET mode="BOOKED_VALUES"><RESULT_VISIBILITY>VISIBLE</RESULT_VISIBILITY><PRESENTATIONS binding="MEMBER_ACCESS"><PRESENTATION>DISPLAY_KEY</PRESENTATION></PRESENTATIONS><ATTRIBUTES/><SORTING type="DATA_CELL_VALUE"><PREDEFINED_MEMBERS_ORDER/><DIRECTION>DESCENDING</DIRECTION><DATA_CELL><MEMBERS><MEMBER characteristic="KEYFIGURES" name="A83Y2FPNS2H7DCEHG43W741JM"/></MEMBERS></DATA_CELL><MEMBER_CONTEXT/></SORTING></RESULT_SET></CHARACTERISTIC><CHARACTERISTIC name="0CALQUART1"><VISUALIZATION_LEVEL>DEFAULT</VISUALIZATION_LEVEL><MEMBER_ACCESS mode="BOOKED_VALUES"><PRESENTATIONS><PRESENTATION>DISPLAY_KEY</PRESENTATION></PRESENTATIONS><SORTING type="MEMBERS"><PREDEFINED_MEMBERS_ORDER/><PRESENTATION>DISPLAY_KEY</PRESENTATION><DIRECTION>ASCENDING</DIRECTION></SORTING></MEMBER_ACCESS><SELECTION><PRESENTATIONS binding="MEMBER_ACCESS"/></SELECTION><CUSTOM_PARAMETERS/><HIERARCHY dueDate="00000000" name=""/><RESULT_SET mode="BOOKED_VALUES"><RESULT_VISIBILITY>VISIBLE</RESULT_VISIBILITY><PRESENTATIONS binding="MEMBER_ACCESS"><PRESENTATION>DISPLAY_KEY</PRESENTATION></PRESENTATIONS><SORTING type="DATA_CELL_VALUE"><PREDEFINED_MEMBERS_ORDER/><DIRECTION>DESCENDING</DIRECTION><DATA_CELL><MEMBERS><MEMBER characteristic="KEYFIGURES" name="A83Y2FPNS2H7DCEHG43W741JM"/></MEMBERS></DATA_CELL><MEMBER_CONTEXT/></SORTING></RESULT_SET></CHARACTERISTIC><CHARACTERISTIC name="0CALYEAR"><VISUALIZATION_LEVEL>DEFAULT</VISUALIZATION_LEVEL><MEMBER_ACCESS mode="BOOKED_VALUES"><PRESENTATIONS><PRESENTATION>DISPLAY_KEY</PRESENTATION></PRESENTATIONS><SORTING type="MEMBERS"><PREDEFINED_MEMBERS_ORDER/><PRESENTATION>DISPLAY_KEY</PRESENTATION><DIRECTION>ASCENDING</DIRECTION></SORTING></MEMBER_ACCESS><SELECTION><PRESENTATIONS binding="MEMBER_ACCESS"/></SELECTION><CUSTOM_PARAMETERS/><HIERARCHY dueDate="00000000" name=""/><RESULT_SET mode="BOOKED_VALUES"><RESULT_VISIBILITY>VISIBLE</RESULT_VISIBILITY><PRESENTATIONS binding="MEMBER_ACCESS"><PRESENTATION>DISPLAY_KEY</PRESENTATION></PRESENTATIONS><SORTING type="DATA_CELL_VALUE"><PREDEFINED_MEMBERS_ORDER/><DIRECTION>DESCENDING</DIRECTION><DATA_CELL><MEMBERS><MEMBER characteristic="KEYFIGURES" name="A83Y2FPNS2H7DCEHG43W741JM"/></MEMBERS></DATA_CELL><MEMBER_CONTEXT/></SORTING></RESULT_SET></CHARACTERISTIC><CHARACTERISTIC name="0CALMONTH2"><VISUALIZATION_LEVEL>DEFAULT</VISUALIZATION_LEVEL><MEMBER_ACCESS mode="BOOKED_VALUES"><PRESENTATIONS><PRESENTATION>DISPLAY_KEY</PRESENTATION></PRESENTATIONS><SORTING type="MEMBERS"><PREDEFINED_MEMBERS_ORDER/><PRESENTATION>DISPLAY_KEY</PRESENTATION><DIRECTION>ASCENDING</DIRECTION></SORTING></MEMBER_ACCESS><SELECTION><PRESENTATIONS binding="MEMBER_ACCESS"/></SELECTION><CUSTOM_PARAMETERS/><HIERARCHY dueDate="00000000" name=""/><RESULT_SET mode="BOOKED_VALUES"><RESULT_VISIBILITY>VISIBLE</RESULT_VISIBILITY><PRESENTATIONS binding="MEMBER_ACCESS"><PRESENTATION>DISPLAY_KEY</PRESENTATION></PRESENTATIONS><SORTING type="DATA_CELL_VALUE"><PREDEFINED_MEMBERS_ORDER/><DIRECTION>DESCENDING</DIRECTION><DATA_CELL><MEMBERS><MEMBER characteristic="KEYFIGURES" name="A83Y2FPNS2H7DCEHG43W741JM"/></MEMBERS></DATA_CELL><MEMBER_CONTEXT/></SORTING></RESULT_SET></CHARACTERISTIC><CHARACTERISTIC name="0CALDAY"><VISUALIZATION_LEVEL>DEFAULT</VISUALIZATION_LEVEL><MEMBER_ACCESS mode="BOOKED_VALUES"><PRESENTATIONS><PRESENTATION>DISPLAY_KEY</PRESENTATION></PRESENTATIONS><SORTING type="MEMBERS"><PREDEFINED_MEMBERS_ORDER/><PRESENTATION>DISPLAY_KEY</PRESENTATION><DIRECTION>ASCENDING</DIRECTION></SORTING></MEMBER_ACCESS><SELECTION><PRESENTATIONS binding="MEMBER_ACCESS"/></SELECTION><CUSTOM_PARAMETERS/><HIERARCHY dueDate="00000000" name=""/><RESULT_SET mode="BOOKED_VALUES"><RESULT_VISIBILITY>HIDDEN</RESULT_VISIBILITY><PRESENTATIONS binding="MEMBER_ACCESS"><PRESENTATION>DISPLAY_KEY</PRESENTATION></PRESENTATIONS><SORTING type="MEMBERS"><PREDEFINED_MEMBERS_ORDER/><PRESENTATION>DISPLAY_KEY</PRESENTATION><DIRECTION>DESCENDING</DIRECTION></SORTING></RESULT_SET></CHARACTERISTIC><CHARACTERISTIC name="0CALQUARTER"><VISUALIZATION_LEVEL>DEFAULT</VISUALIZATION_LEVEL><MEMBER_ACCESS mode="BOOKED_VALUES"><PRESENTATIONS><PRESENTATION>DISPLAY_KEY</PRESENTATION></PRESENTATIONS><SORTING type="MEMBERS"><PREDEFINED_MEMBERS_ORDER/><PRESENTATION>DISPLAY_KEY</PRESENTATION><DIRECTION>ASCENDING</DIRECTION></SORTING></MEMBER_ACCESS><SELECTION><PRESENTATIONS binding="MEMBER_ACCESS"/></SELECTION><CUSTOM_PARAMETERS/><HIERARCHY dueDate="00000000" name=""/><RESULT_SET mode="BOOKED_VALUES"><RESULT_VISIBILITY>VISIBLE</RESULT_VISIBILITY><PRESENTATIONS binding="MEMBER_ACCESS"><PRESENTATION>DISPLAY_KEY</PRESENTATION></PRESENTATIONS><SORTING type="DATA_CELL_VALUE"><PREDEFINED_MEMBERS_ORDER/><DIRECTION>DESCENDING</DIRECTION><DATA_CELL><MEMBERS><MEMBER characteristic="KEYFIGURES" name="A83Y2FPNS2H7DCEHG43W741JM"/></MEMBERS></DATA_CELL><MEMBER_CONTEXT/></SORTING></RESULT_SET></CHARACTERISTIC><CHARACTERISTIC name="0CALMONTH"><VISUALIZATION_LEVEL>DEFAULT</VISUALIZATION_LEVEL><MEMBER_ACCESS mode="BOOKED_VALUES"><PRESENTATIONS><PRESENTATION>DISPLAY_KEY</PRESENTATION></PRESENTATIONS><SORTING type="MEMBERS"><PREDEFINED_MEMBERS_ORDER/><PRESENTATION>DISPLAY_KEY</PRESENTATION><DIRECTION>ASCENDING</DIRECTION></SORTING></MEMBER_ACCESS><SELECTION><PRESENTATIONS binding="MEMBER_ACCESS"/></SELECTION><CUSTOM_PARAMETERS/><HIERARCHY dueDate="00000000" name=""/><RESULT_SET mode="BOOKED_VALUES"><RESULT_VISIBILITY>VISIBLE</RESULT_VISIBILITY><PRESENTATIONS binding="MEMBER_ACCESS"><PRESENTATION>DISPLAY_KEY</PRESENTATION></PRESENTATIONS><SORTING type="DATA_CELL_VALUE"><PREDEFINED_MEMBERS_ORDER/><DIRECTION>DESCENDING</DIRECTION><DATA_CELL><MEMBERS><MEMBER characteristic="KEYFIGURES" name="A83Y2FPNS2H7DCEHG43W741JM"/></MEMBERS></DATA_CELL><MEMBER_CONTEXT/></SORTING></RESULT_SET></CHARACTERISTIC><CHARACTERISTIC name="0D_NW_PRID"><VISUALIZATION_LEVEL>DEFAULT</VISUALIZATION_LEVEL><ATTRIBUTES><ATTRIBUTE name="0D_NW_CA"><VISUALIZATION_LEVEL>DEFAULT</VISUALIZATION_LEVEL><MEMBER_ACCESS><PRESENTATIONS><PRESENTATION>DISPLAY_KEY</PRESENTATION></PRESENTATIONS><SORTING type="DEFAULT"><PREDEFINED_MEMBERS_ORDER/><DIRECTION>ASCENDING</DIRECTION></SORTING></MEMBER_ACCESS><SELECTION><PRESENTATIONS binding="MEMBER_ACCESS"/></SELECTION><CUSTOM_PARAMETERS/><RESULT_SET><PRESENTATIONS><PRESENTATION>DISPLAY_KEY</PRESENTATION></PRESENTATIONS><ATTRIBUTES/></RESULT_SET></ATTRIBUTE><ATTRIBUTE name="0D_NW_CHAT"><VISUALIZATION_LEVEL>DEFAULT</VISUALIZATION_LEVEL><MEMBER_ACCESS><PRESENTATIONS><PRESENTATION>DISPLAY_KEY</PRESENTATION></PRESENTATIONS><SORTING type="DEFAULT"><PREDEFINED_MEMBERS_ORDER/><DIRECTION>ASCENDING</DIRECTION></SORTING></MEMBER_ACCESS><SELECTION><PRESENTATIONS binding="MEMBER_ACCESS"/></SELECTION><CUSTOM_PARAMETERS/><RESULT_SET><PRESENTATIONS><PRESENTATION>DISPLAY_KEY</PRESENTATION></PRESENTATIONS><ATTRIBUTES/></RESULT_SET></ATTRIBUTE><ATTRIBUTE name="0D_NW_CHB"><VISUALIZATION_LEVEL>DEFAULT</VISUALIZATION_LEVEL><MEMBER_ACCESS><PRESENTATIONS><PRESENTATION>DISPLAY_KEY</PRESENTATION></PRESENTATIONS><SORTING type="DEFAULT"><PREDEFINED_MEMBERS_ORDER/><DIRECTION>ASCENDING</DIRECTION></SORTING></MEMBER_ACCESS><SELECTION><PRESENTATIONS binding="MEMBER_ACCESS"/></SELECTION><CUSTOM_PARAMETERS/><RESULT_SET><PRESENTATIONS><PRESENTATION>DISPLAY_KEY</PRESENTATION></PRESENTATIONS><ATTRIBUTES/></RESULT_SET></ATTRIBUTE><ATTRIBUTE name="0D_NW_CRB"><VISUALIZATION_LEVEL>DEFAULT</VISUALIZATION_LEVEL><MEMBER_ACCESS><PRESENTATIONS><PRESENTATION>DISPLAY_KEY</PRESENTATION></PRESENTATIONS><SORTING type="DEFAULT"><PREDEFINED_MEMBERS_ORDER/><DIRECTION>ASCENDING</DIRECTION></SORTING></MEMBER_ACCESS><SELECTION><PRESENTATIONS binding="MEMBER_ACCESS"/></SELECTION><CUSTOM_PARAMETERS/><RESULT_SET><PRESENTATIONS><PRESENTATION>DISPLAY_KEY</PRESENTATION></PRESENTATIONS><ATTRIBUTES/></RESULT_SET></ATTRIBUTE><ATTRIBUTE name="0D_NW_ORGU"><VISUALIZATION_LEVEL>DEFAULT</VISUALIZATION_LEVEL><MEMBER_ACCESS><PRESENTATIONS><PRESENTATION>DISPLAY_KEY</PRESENTATION><PRESENTATION>TEXT</PRESENTATION></PRESENTATIONS><SORTING type="DEFAULT"><PREDEFINED_MEMBERS_ORDER/><DIRECTION>ASCENDING</DIRECTION></SORTING></MEMBER_ACCESS><SELECTION><PRESENTATIONS binding="MEMBER_ACCESS"/></SELECTION><CUSTOM_PARAMETERS/><RESULT_SET><PRESENTATIONS><PRESENTATION>DISPLAY_KEY</PRESENTATION><PRESENTATION>TEXT</PRESENTATION></PRESENTATIONS><ATTRIBUTES/></RESULT_SET></ATTRIBUTE><ATTRIBUTE name="0D_NW_PRCAT"><VISUALIZATION_LEVEL>DEFAULT</VISUALIZATION_LEVEL><MEMBER_ACCESS><PRESENTATIONS><PRESENTATION>DISPLAY_KEY</PRESENTATION></PRESENTATIONS><SORTING type="DEFAULT"><PREDEFINED_MEMBERS_ORDER/><DIRECTION>ASCENDING</DIRECTION></SORTING></MEMBER_ACCESS><SELECTION><PRESENTATIONS binding="MEMBER_ACCESS"/></SELECTION><CUSTOM_PARAMETERS/><RESULT_SET><PRESENTATIONS><PRESENTATION>DISPLAY_KEY</PRESENTATION></PRESENTATIONS><ATTRIBUTES/></RESULT_SET></ATTRIBUTE><ATTRIBUTE name="0D_NW_PRCUR"><VISUALIZATION_LEVEL>DEFAULT</VISUALIZATION_LEVEL><MEMBER_ACCESS><PRESENTATIONS><PRESENTATION>TEXT</PRESENTATION></PRESENTATIONS><SORTING type="DEFAULT"><PREDEFINED_MEMBERS_ORDER/><DIRECTION>ASCENDING</DIRECTION></SORTING></MEMBER_ACCESS><SELECTION><PRESENTATIONS binding="MEMBER_ACCESS"/></SELECTION><CUSTOM_PARAMETERS/><RESULT_SET><PRESENTATIONS><PRESENTATION>TEXT</PRESENTATION></PRESENTATIONS><ATTRIBUTES/></RESULT_SET></ATTRIBUTE><ATTRIBUTE name="0D_NW_PRICE"><VISUALIZATION_LEVEL>DEFAULT</VISUALIZATION_LEVEL><MEMBER_ACCESS><PRESENTATIONS><PRESENTATION>DISPLAY_KEY</PRESENTATION></PRESENTATIONS><SORTING type="DEFAULT"><PREDEFINED_MEMBERS_ORDER/><DIRECTION>ASCENDING</DIRECTION></SORTING></MEMBER_ACCESS><SELECTION><PRESENTATIONS binding="MEMBER_ACCESS"/></SELECTION><CUSTOM_PARAMETERS/><RESULT_SET><PRESENTATIONS><PRESENTATION>DISPLAY_KEY</PRESENTATION></PRESENTATIONS><ATTRIBUTES/></RESULT_SET></ATTRIBUTE><ATTRIBUTE name="0D_NW_SBNO"><VISUALIZATION_LEVEL>DEFAULT</VISUALIZATION_LEVEL><MEMBER_ACCESS><PRESENTATIONS><PRESENTATION>DISPLAY_KEY_MIXED_COMPOUNDMENT</PRESENTATION></PRESENTATIONS><SORTING type="DEFAULT"><PREDEFINED_MEMBERS_ORDER/><DIRECTION>ASCENDING</DIRECTION></SORTING></MEMBER_ACCESS><SELECTION><PRESENTATIONS binding="MEMBER_ACCESS"/></SELECTION><CUSTOM_PARAMETERS/><RESULT_SET><PRESENTATIONS><PRESENTATION>DISPLAY_KEY_MIXED_COMPOUNDMENT</PRESENTATION></PRESENTATIONS><ATTRIBUTES/></RESULT_SET></ATTRIBUTE><ATTRIBUTE name="0D_NW_STUNI"><VISUALIZATION_LEVEL>DEFAULT</VISUALIZATION_LEVEL><MEMBER_ACCESS><PRESENTATIONS><PRESENTATION>TEXT</PRESENTATION></PRESENTATIONS><SORTING type="DEFAULT"><PREDEFINED_MEMBERS_ORDER/><DIRECTION>ASCENDING</DIRECTION></SORTING></MEMBER_ACCESS><SELECTION><PRESENTATIONS binding="MEMBER_ACCESS"/></SELECTION><CUSTOM_PARAMETERS/><RESULT_SET><PRESENTATIONS><PRESENTATION>TEXT</PRESENTATION></PRESENTATIONS><ATTRIBUTES/></RESULT_SET></ATTRIBUTE></ATTRIBUTES><MEMBER_ACCESS mode="BOOKED_VALUES"><PRESENTATIONS><PRESENTATION>DISPLAY_KEY</PRESENTATION><PRESENTATION>TEXT</PRESENTATION></PRESENTATIONS><ATTRIBUTES><ATTRIBUTE>0D_NW_STUNI</ATTRIBUTE><ATTRIBUTE>0D_NW_CA</ATTRIBUTE><ATTRIBUTE>0D_NW_CHAT</ATTRIBUTE><ATTRIBUTE>0D_NW_ORGU</ATTRIBUTE><ATTRIBUTE>0D_NW_SBNO</ATTRIBUTE><ATTRIBUTE>0D_NW_PRCUR</ATTRIBUTE><ATTRIBUTE>0D_NW_PRICE</ATTRIBUTE><ATTRIBUTE>0D_NW_CRB</ATTRIBUTE><ATTRIBUTE>0D_NW_CHB</ATTRIBUTE></ATTRIBUTES><SORTING type="DEFAULT"><PREDEFINED_MEMBERS_ORDER/><DIRECTION>ASCENDING</DIRECTION></SORTING></MEMBER_ACCESS><SELECTION><PRESENTATIONS binding="MEMBER_ACCESS"/><ATTRIBUTES/></SELECTION><CUSTOM_PARAMETERS/><HIERARCHY dueDate="00000000" name=""/><RESULT_SET mode="BOOKED_VALUES"><RESULT_VISIBILITY>HIDDEN</RESULT_VISIBILITY><PRESENTATIONS binding="MEMBER_ACCESS"><PRESENTATION>DISPLAY_KEY</PRESENTATION><PRESENTATION>TEXT</PRESENTATION></PRESENTATIONS><ATTRIBUTES><ATTRIBUTE>0D_NW_PRICE</ATTRIBUTE></ATTRIBUTES><SORTING type="DATA_CELL_VALUE"><PREDEFINED_MEMBERS_ORDER/><DIRECTION>DESCENDING</DIRECTION><DATA_CELL><MEMBERS><MEMBER characteristic="KEYFIGURES" name="A83Y2FPNS2H7DCEHG43W741JM"/></MEMBERS></DATA_CELL><MEMBER_CONTEXT/></SORTING></RESULT_SET></CHARACTERISTIC><CHARACTERISTIC name="0D_NW_PRID__0D_NW_PRCAT"><VISUALIZATION_LEVEL>DEFAULT</VISUALIZATION_LEVEL><MEMBER_ACCESS mode="BOOKED_VALUES"><PRESENTATIONS><PRESENTATION>DISPLAY_KEY</PRESENTATION></PRESENTATIONS><SORTING type="DEFAULT"><PREDEFINED_MEMBERS_ORDER/><DIRECTION>ASCENDING</DIRECTION></SORTING></MEMBER_ACCESS><SELECTION><PRESENTATIONS binding="MEMBER_ACCESS"/></SELECTION><CUSTOM_PARAMETERS/><HIERARCHY dueDate="00000000" name=""/><RESULT_SET mode="BOOKED_VALUES"><RESULT_VISIBILITY>HIDDEN</RESULT_VISIBILITY><PRESENTATIONS binding="MEMBER_ACCESS"><PRESENTATION>DISPLAY_KEY</PRESENTATION></PRESENTATIONS><SORTING type="DATA_CELL_VALUE"><PREDEFINED_MEMBERS_ORDER/><DIRECTION>DESCENDING</DIRECTION><DATA_CELL><MEMBERS><MEMBER characteristic="KEYFIGURES" name="A83Y2FPNS2H7DCEHG43W741JM"/></MEMBERS></DATA_CELL><MEMBER_CONTEXT/></SORTING></RESULT_SET></CHARACTERISTIC><CHARACTERISTIC name="0D_NW_PRDGP"><VISUALIZATION_LEVEL>DEFAULT</VISUALIZATION_LEVEL><MEMBER_ACCESS mode="BOOKED_VALUES"><PRESENTATIONS><PRESENTATION>DISPLAY_KEY</PRESENTATION><PRESENTATION>TEXT</PRESENTATION></PRESENTATIONS><SORTING type="DEFAULT"><PREDEFINED_MEMBERS_ORDER/><DIRECTION>ASCENDING</DIRECTION></SORTING></MEMBER_ACCESS><SELECTION><PRESENTATIONS binding="MEMBER_ACCESS"/></SELECTION><CUSTOM_PARAMETERS/><HIERARCHY dueDate="00000000" name=""/><RESULT_SET mode="BOOKED_VALUES"><RESULT_VISIBILITY>HIDDEN</RESULT_VISIBILITY><PRESENTATIONS binding="MEMBER_ACCESS"><PRESENTATION>DISPLAY_KEY</PRESENTATION><PRESENTATION>TEXT</PRESENTATION></PRESENTATIONS><SORTING type="DATA_CELL_VALUE"><PREDEFINED_MEMBERS_ORDER/><DIRECTION>DESCENDING</DIRECTION><DATA_CELL><MEMBERS><MEMBER characteristic="KEYFIGURES" name="A83Y2FPNS2H7DCEHG43W741JM"/></MEMBERS></DATA_CELL><MEMBER_CONTEXT/></SORTING></RESULT_SET></CHARACTERISTIC><CHARACTERISTIC name="0D_NW_BP__0D_NW_REGIO"><VISUALIZATION_LEVEL>DEFAULT</VISUALIZATION_LEVEL><MEMBER_ACCESS mode="BOOKED_VALUES"><PRESENTATIONS><PRESENTATION>DISPLAY_KEY_MIXED_COMPOUNDMENT</PRESENTATION></PRESENTATIONS><SORTING type="DEFAULT"><PREDEFINED_MEMBERS_ORDER/><DIRECTION>ASCENDING</DIRECTION></SORTING></MEMBER_ACCESS><SELECTION><PRESENTATIONS binding="MEMBER_ACCESS"/></SELECTION><CUSTOM_PARAMETERS/><HIERARCHY dueDate="00000000" name=""/><RESULT_SET mode="BOOKED_VALUES"><RESULT_VISIBILITY>VISIBLE</RESULT_VISIBILITY><PRESENTATIONS binding="MEMBER_ACCESS"><PRESENTATION>DISPLAY_KEY_MIXED_COMPOUNDMENT</PRESENTATION></PRESENTATIONS><SORTING type="DATA_CELL_VALUE"><PREDEFINED_MEMBERS_ORDER/><DIRECTION>DESCENDING</DIRECTION><DATA_CELL><MEMBERS><MEMBER characteristic="KEYFIGURES" name="A83Y2FPNS2H7DCEHG43W741JM"/></MEMBERS></DATA_CELL><MEMBER_CONTEXT/></SORTING></RESULT_SET></CHARACTERISTIC><CHARACTERISTIC name="0D_NW_BP__0D_NW_CNTRY"><VISUALIZATION_LEVEL>DEFAULT</VISUALIZATION_LEVEL><MEMBER_ACCESS mode="BOOKED_VALUES"><PRESENTATIONS><PRESENTATION>DISPLAY_KEY</PRESENTATION><PRESENTATION>TEXT</PRESENTATION></PRESENTATIONS><SORTING type="DEFAULT"><PREDEFINED_MEMBERS_ORDER/><DIRECTION>ASCENDING</DIRECTION></SORTING></MEMBER_ACCESS><SELECTION><PRESENTATIONS binding="MEMBER_ACCESS"/></SELECTION><CUSTOM_PARAMETERS/><HIERARCHY dueDate="00000000" name=""/><RESULT_SET mode="BOOKED_VALUES"><RESULT_VISIBILITY>HIDDEN</RESULT_VISIBILITY><PRESENTATIONS binding="MEMBER_ACCESS"><PRESENTATION>DISPLAY_KEY</PRESENTATION><PRESENTATION>TEXT</PRESENTATION></PRESENTATIONS><SORTING type="DATA_CELL_VALUE"><PREDEFINED_MEMBERS_ORDER/><DIRECTION>DESCENDING</DIRECTION><DATA_CELL><MEMBERS><MEMBER characteristic="KEYFIGURES" name="A83Y2FPNS2H7DCEHG43W741JM"/></MEMBERS></DATA_CELL><MEMBER_CONTEXT/></SORTING></RESULT_SET></CHARACTERISTIC><CHARACTERISTIC name="0D_NW_POLS"><VISUALIZATION_LEVEL>DEFAULT</VISUALIZATION_LEVEL><MEMBER_ACCESS mode="BOOKED_VALUES"><PRESENTATIONS><PRESENTATION>TEXT</PRESENTATION></PRESENTATIONS><SORTING type="DEFAULT"><PREDEFINED_MEMBERS_ORDER/><DIRECTION>ASCENDING</DIRECTION></SORTING></MEMBER_ACCESS><SELECTION><PRESENTATIONS binding="MEMBER_ACCESS"/></SELECTION><CUSTOM_PARAMETERS/><HIERARCHY dueDate="00000000" name=""/><RESULT_SET mode="BOOKED_VALUES"><RESULT_VISIBILITY>VISIBLE</RESULT_VISIBILITY><PRESENTATIONS binding="MEMBER_ACCESS"><PRESENTATION>TEXT</PRESENTATION></PRESENTATIONS><SORTING type="DATA_CELL_VALUE"><PREDEFINED_MEMBERS_ORDER/><DIRECTION>DESCENDING</DIRECTION><DATA_CELL><MEMBERS><MEMBER characteristic="KEYFIGURES" name="A83Y2FPNS2H7DCEHG43W741JM"/></MEMBERS></DATA_CELL><MEMBER_CONTEXT/></SORTING></RESULT_SET></CHARACTERISTIC><CHARACTERISTIC name="0D_NW_POCS"><VISUALIZATION_LEVEL>DEFAULT</VISUALIZATION_LEVEL><MEMBER_ACCESS mode="BOOKED_VALUES"><PRESENTATIONS><PRESENTATION>TEXT</PRESENTATION></PRESENTATIONS><SORTING type="DEFAULT"><PREDEFINED_MEMBERS_ORDER/><DIRECTION>ASCENDING</DIRECTION></SORTING></MEMBER_ACCESS><SELECTION><PRESENTATIONS binding="MEMBER_ACCESS"/></SELECTION><CUSTOM_PARAMETERS/><HIERARCHY dueDate="00000000" name=""/><RESULT_SET mode="BOOKED_VALUES"><RESULT_VISIBILITY>VISIBLE</RESULT_VISIBILITY><PRESENTATIONS binding="MEMBER_ACCESS"><PRESENTATION>TEXT</PRESENTATION></PRESENTATIONS><SORTING type="DATA_CELL_VALUE"><PREDEFINED_MEMBERS_ORDER/><DIRECTION>DESCENDING</DIRECTION><DATA_CELL><MEMBERS><MEMBER characteristic="KEYFIGURES" name="A83Y2FPNS2H7DCEHG43W741JM"/></MEMBERS></DATA_CELL><MEMBER_CONTEXT/></SORTING></RESULT_SET></CHARACTERISTIC><CHARACTERISTIC name="0D_NW_BP"><VISUALIZATION_LEVEL>DEFAULT</VISUALIZATION_LEVEL><ATTRIBUTES><ATTRIBUTE name="0D_NW_ADDR"><VISUALIZATION_LEVEL>DEFAULT</VISUALIZATION_LEVEL><MEMBER_ACCESS><PRESENTATIONS><PRESENTATION>DISPLAY_KEY</PRESENTATION></PRESENTATIONS><SORTING type="DEFAULT"><PREDEFINED_MEMBERS_ORDER/><DIRECTION>ASCENDING</DIRECTION></SORTING></MEMBER_ACCESS><SELECTION><PRESENTATIONS binding="MEMBER_ACCESS"/></SELECTION><CUSTOM_PARAMETERS/><RESULT_SET><PRESENTATIONS><PRESENTATION>DISPLAY_KEY</PRESENTATION></PRESENTATIONS><ATTRIBUTES/></RESULT_SET></ATTRIBUTE><ATTRIBUTE name="0D_NW_CA"><VISUALIZATION_LEVEL>DEFAULT</VISUALIZATION_LEVEL><MEMBER_ACCESS><PRESENTATIONS><PRESENTATION>DISPLAY_KEY</PRESENTATION></PRESENTATIONS><SORTING type="DEFAULT"><PREDEFINED_MEMBERS_ORDER/><DIRECTION>ASCENDING</DIRECTION></SORTING></MEMBER_ACCESS><SELECTION><PRESENTATIONS binding="MEMBER_ACCESS"/></SELECTION><CUSTOM_PARAMETERS/><RESULT_SET><PRESENTATIONS><PRESENTATION>DISPLAY_KEY</PRESENTATION></PRESENTATIONS><ATTRIBUTES/></RESULT_SET></ATTRIBUTE><ATTRIBUTE name="0D_NW_CHAT"><VISUALIZATION_LEVEL>DEFAULT</VISUALIZATION_LEVEL><MEMBER_ACCESS><PRESENTATIONS><PRESENTATION>DISPLAY_KEY</PRESENTATION></PRESENTATIONS><SORTING type="DEFAULT"><PREDEFINED_MEMBERS_ORDER/><DIRECTION>ASCENDING</DIRECTION></SORTING></MEMBER_ACCESS><SELECTION><PRESENTATIONS binding="MEMBER_ACCESS"/></SELECTION><CUSTOM_PARAMETERS/><RESULT_SET><PRESENTATIONS><PRESENTATION>DISPLAY_KEY</PRESENTATION></PRESENTATIONS><ATTRIBUTES/></RESULT_SET></ATTRIBUTE><ATTRIBUTE name="0D_NW_CHB"><VISUALIZATION_LEVEL>DEFAULT</VISUALIZATION_LEVEL><MEMBER_ACCESS><PRESENTATIONS><PRESENTATION>DISPLAY_KEY</PRESENTATION></PRESENTATIONS><SORTING type="DEFAULT"><PREDEFINED_MEMBERS_ORDER/><DIRECTION>ASCENDING</DIRECTION></SORTING></MEMBER_ACCESS><SELECTION><PRESENTATIONS binding="MEMBER_ACCESS"/></SELECTION><CUSTOM_PARAMETERS/><RESULT_SET><PRESENTATIONS><PRESENTATION>DISPLAY_KEY</PRESENTATION></PRESENTATIONS><ATTRIBUTES/></RESULT_SET></ATTRIBUTE><ATTRIBUTE name="0D_NW_CITY"><VISUALIZATION_LEVEL>DEFAULT</VISUALIZATION_LEVEL><MEMBER_ACCESS><PRESENTATIONS><PRESENTATION>DISPLAY_KEY</PRESENTATION></PRESENTATIONS><SORTING type="DEFAULT"><PREDEFINED_MEMBERS_ORDER/><DIRECTION>ASCENDING</DIRECTION></SORTING></MEMBER_ACCESS><SELECTION><PRESENTATIONS binding="MEMBER_ACCESS"/></SELECTION><CUSTOM_PARAMETERS/><RESULT_SET><PRESENTATIONS><PRESENTATION>DISPLAY_KEY</PRESENTATION></PRESENTATIONS><ATTRIBUTES/></RESULT_SET></ATTRIBUTE><ATTRIBUTE name="0D_NW_CNTRY"><VISUALIZATION_LEVEL>DEFAULT</VISUALIZATION_LEVEL><MEMBER_ACCESS><PRESENTATIONS><PRESENTATION>DISPLAY_KEY</PRESENTATION><PRESENTATION>TEXT</PRESENTATION></PRESENTATIONS><SORTING type="DEFAULT"><PREDEFINED_MEMBERS_ORDER/><DIRECTION>ASCENDING</DIRECTION></SORTING></MEMBER_ACCESS><SELECTION><PRESENTATIONS binding="MEMBER_ACCESS"/></SELECTION><CUSTOM_PARAMETERS/><RESULT_SET><PRESENTATIONS><PRESENTATION>DISPLAY_KEY</PRESENTATION><PRESENTATION>TEXT</PRESENTATION></PRESENTATIONS><ATTRIBUTES/></RESULT_SET></ATTRIBUTE><ATTRIBUTE name="0D_NW_CRB"><VISUALIZATION_LEVEL>DEFAULT</VISUALIZATION_LEVEL><MEMBER_ACCESS><PRESENTATIONS><PRESENTATION>DISPLAY_KEY</PRESENTATION></PRESENTATIONS><SORTING type="DEFAULT"><PREDEFINED_MEMBERS_ORDER/><DIRECTION>ASCENDING</DIRECTION></SORTING></MEMBER_ACCESS><SELECTION><PRESENTATIONS binding="MEMBER_ACCESS"/></SELECTION><CUSTOM_PARAMETERS/><RESULT_SET><PRESENTATIONS><PRESENTATION>DISPLAY_KEY</PRESENTATION></PRESENTATIONS><ATTRIBUTES/></RESULT_SET></ATTRIBUTE><ATTRIBUTE name="0D_NW_LFRM"><VISUALIZATION_LEVEL>DEFAULT</VISUALIZATION_LEVEL><MEMBER_ACCESS><PRESENTATIONS><PRESENTATION>DISPLAY_KEY</PRESENTATION></PRESENTATIONS><SORTING type="DEFAULT"><PREDEFINED_MEMBERS_ORDER/><DIRECTION>ASCENDING</DIRECTION></SORTING></MEMBER_ACCESS><SELECTION><PRESENTATIONS binding="MEMBER_ACCESS"/></SELECTION><CUSTOM_PARAMETERS/><RESULT_SET><PRESENTATIONS><PRESENTATION>DISPLAY_KEY</PRESENTATION></PRESENTATIONS><ATTRIBUTES/></RESULT_SET></ATTRIBUTE><ATTRIBUTE name="0D_NW_POST"><VISUALIZATION_LEVEL>DEFAULT</VISUALIZATION_LEVEL><MEMBER_ACCESS><PRESENTATIONS><PRESENTATION>DISPLAY_KEY</PRESENTATION></PRESENTATIONS><SORTING type="DEFAULT"><PREDEFINED_MEMBERS_ORDER/><DIRECTION>ASCENDING</DIRECTION></SORTING></MEMBER_ACCESS><SELECTION><PRESENTATIONS binding="MEMBER_ACCESS"/></SELECTION><CUSTOM_PARAMETERS/><RESULT_SET><PRESENTATIONS><PRESENTATION>DISPLAY_KEY</PRESENTATION></PRESENTATIONS><ATTRIBUTES/></RESULT_SET></ATTRIBUTE><ATTRIBUTE name="0D_NW_REGIO"><VISUALIZATION_LEVEL>DEFAULT</VISUALIZATION_LEVEL><MEMBER_ACCESS><PRESENTATIONS><PRESENTATION>DISPLAY_KEY_MIXED_COMPOUNDMENT</PRESENTATION></PRESENTATIONS><SORTING type="DEFAULT"><PREDEFINED_MEMBERS_ORDER/><DIRECTION>ASCENDING</DIRECTION></SORTING></MEMBER_ACCESS><SELECTION><PRESENTATIONS binding="MEMBER_ACCESS"/></SELECTION><CUSTOM_PARAMETERS/><RESULT_SET><PRESENTATIONS><PRESENTATION>DISPLAY_KEY_MIXED_COMPOUNDMENT</PRESENTATION></PRESENTATIONS><ATTRIBUTES/></RESULT_SET></ATTRIBUTE></ATTRIBUTES><MEMBER_ACCESS mode="BOOKED_VALUES"><PRESENTATIONS><PRESENTATION>TEXT</PRESENTATION></PRESENTATIONS><ATTRIBUTES><ATTRIBUTE>0D_NW_CNTRY</ATTRIBUTE><ATTRIBUTE>0D_NW_REGIO</ATTRIBUTE><ATTRIBUTE>0D_NW_LFRM</ATTRIBUTE><ATTRIBUTE>0D_NW_CITY</ATTRIBUTE><ATTRIBUTE>0D_NW_ADDR</ATTRIBUTE><ATTRIBUTE>0D_NW_CHAT</ATTRIBUTE><ATTRIBUTE>0D_NW_POST</ATTRIBUTE><ATTRIBUTE>0D_NW_CA</ATTRIBUTE><ATTRIBUTE>0D_NW_CHB</ATTRIBUTE><ATTRIBUTE>0D_NW_CRB</ATTRIBUTE></ATTRIBUTES><SORTING type="DEFAULT"><PREDEFINED_MEMBERS_ORDER/><DIRECTION>ASCENDING</DIRECTION></SORTING></MEMBER_ACCESS><SELECTION><PRESENTATIONS binding="MEMBER_ACCESS"/><ATTRIBUTES/></SELECTION><CUSTOM_PARAMETERS/><HIERARCHY dueDate="00000000" name=""/><RESULT_SET mode="BOOKED_VALUES"><RESULT_VISIBILITY>HIDDEN</RESULT_VISIBILITY><PRESENTATIONS binding="MEMBER_ACCESS"><PRESENTATION>TEXT</PRESENTATION></PRESENTATIONS><ATTRIBUTES><ATTRIBUTE>0D_NW_ADDR</ATTRIBUTE><ATTRIBUTE>0D_NW_CITY</ATTRIBUTE><ATTRIBUTE>0D_NW_POST</ATTRIBUTE><ATTRIBUTE>0D_NW_REGIO</ATTRIBUTE></ATTRIBUTES><SORTING type="DATA_CELL_VALUE"><PREDEFINED_MEMBERS_ORDER/><DIRECTION>DESCENDING</DIRECTION><DATA_CELL><MEMBERS><MEMBER characteristic="KEYFIGURES" name="A83Y2FPNS2H7DCEHG43W741JM"/></MEMBERS></DATA_CELL><MEMBER_CONTEXT/></SORTING></RESULT_SET></CHARACTERISTIC><CHARACTERISTIC name="0D_NW_ROLE"><VISUALIZATION_LEVEL>DEFAULT</VISUALIZATION_LEVEL><MEMBER_ACCESS mode="BOOKED_VALUES"><PRESENTATIONS><PRESENTATION>DISPLAY_KEY</PRESENTATION></PRESENTATIONS><SORTING type="DEFAULT"><PREDEFINED_MEMBERS_ORDER/><DIRECTION>ASCENDING</DIRECTION></SORTING></MEMBER_ACCESS><SELECTION><PRESENTATIONS binding="MEMBER_ACCESS"/></SELECTION><CUSTOM_PARAMETERS/><HIERARCHY dueDate="00000000" name=""/><RESULT_SET mode="BOOKED_VALUES"><RESULT_VISIBILITY>VISIBLE</RESULT_VISIBILITY><PRESENTATIONS binding="MEMBER_ACCESS"><PRESENTATION>DISPLAY_KEY</PRESENTATION></PRESENTATIONS><SORTING type="DATA_CELL_VALUE"><PREDEFINED_MEMBERS_ORDER/><DIRECTION>DESCENDING</DIRECTION><DATA_CELL><MEMBERS><MEMBER characteristic="KEYFIGURES" name="A83Y2FPNS2H7DCEHG43W741JM"/></MEMBERS></DATA_CELL><MEMBER_CONTEXT/></SORTING></RESULT_SET></CHARACTERISTIC><CHARACTERISTIC name="KEYFIGURES"><VISUALIZATION_LEVEL>DEFAULT</VISUALIZATION_LEVEL><MEMBER_ACCESS><PRESENTATIONS><PRESENTATION>TEXT</PRESENTATION></PRESENTATIONS><SORTING type="DEFAULT"><PREDEFINED_MEMBERS_ORDER/><DIRECTION>ASCENDING</DIRECTION></SORTING></MEMBER_ACCESS><SELECTION><PRESENTATIONS binding="MEMBER_ACCESS"/></SELECTION><CUSTOM_PARAMETERS/><HIERARCHY dueDate="00000000" name=""/><RESULT_SET><RESULT_VISIBILITY>HIDDEN</RESULT_VISIBILITY><PRESENTATIONS binding="MEMBER_ACCESS"><PRESENTATION>TEXT</PRESENTATION></PRESENTATIONS><SORTING type="DEFAULT"><PREDEFINED_MEMBERS_ORDER/><DIRECTION>ASCENDING</DIRECTION></SORTING></RESULT_SET><FORMULA_MEMBERS/><CUSTOM_MEMBER_TEXTS/><CONTAINS_KEYFIGURES>true</CONTAINS_KEYFIGURES><ZERO_SUPPRESSION_GROUPING>true</ZERO_SUPPRESSION_GROUPING></CHARACTERISTIC><CHARACTERISTIC name="0D_NW_PRCAT"><VISUALIZATION_LEVEL>DEFAULT</VISUALIZATION_LEVEL><MEMBER_ACCESS mode="BOOKED_VALUES"><PRESENTATIONS><PRESENTATION>DISPLAY_KEY</PRESENTATION></PRESENTATIONS><SORTING type="DEFAULT"><PREDEFINED_MEMBERS_ORDER/><DIRECTION>ASCENDING</DIRECTION></SORTING></MEMBER_ACCESS><SELECTION><PRESENTATIONS binding="MEMBER_ACCESS"/></SELECTION><CUSTOM_PARAMETERS/><HIERARCHY dueDate="00000000" name=""/><RESULT_SET mode="BOOKED_VALUES"><RESULT_VISIBILITY>VISIBLE</RESULT_VISIBILITY><PRESENTATIONS binding="MEMBER_ACCESS"><PRESENTATION>DISPLAY_KEY</PRESENTATION></PRESENTATIONS><SORTING type="DATA_CELL_VALUE"><PREDEFINED_MEMBERS_ORDER/><DIRECTION>DESCENDING</DIRECTION><DATA_CELL><MEMBERS><MEMBER characteristic="KEYFIGURES" name="A83Y2FPNS2H7DCEHG43W741JM"/></MEMBERS></DATA_CELL><MEMBER_CONTEXT/></SORTING></RESULT_SET></CHARACTERISTIC></CHARACTERISTICS><CUSTOM_PARAMETERS/><DRILL_DOWN_CHARACTERISTICS_SORTING type="OBJECT_LIST"><OBJECT_LIST><OBJECT>KEYFIGURES</OBJECT><OBJECT>0D_NW_BP</OBJECT><OBJECT>0D_NW_SO</OBJECT><OBJECT>0D_NW_PRCAT</OBJECT><OBJECT>0D_NW_PRID</OBJECT><OBJECT>0CALQUART1</OBJECT><OBJECT>0CALYEAR</OBJECT><OBJECT>0CALMONTH2</OBJECT><OBJECT>0CALDAY</OBJECT><OBJECT>0CALQUARTER</OBJECT><OBJECT>0CALMONTH</OBJECT><OBJECT>0D_NW_POCS</OBJECT><OBJECT>0D_NW_PRID__0D_NW_PRCAT</OBJECT><OBJECT>0D_NW_PRDGP</OBJECT><OBJECT>0D_NW_BP__0D_NW_CNTRY</OBJECT><OBJECT>0D_NW_POLS</OBJECT><OBJECT>0D_NW_BP__0D_NW_REGIO</OBJECT><OBJECT>0D_NW_ROLE</OBJECT></OBJECT_LIST></DRILL_DOWN_CHARACTERISTICS_SORTING><VISUAL_SELECTION_STATE_FOR_RESULT_SET><SELECTION type="CARTESIAN_PRODUCT"><CHARACTERISTICS><CHARACTERISTIC name="KEYFIGURES"><SELECTIONS/></CHARACTERISTIC><CHARACTERISTIC name="0D_NW_BP"><SELECTIONS/></CHARACTERISTIC><CHARACTERISTIC name="0D_NW_SO"><SELECTIONS/></CHARACTERISTIC><CHARACTERISTIC name="0D_NW_PRCAT"><SELECTIONS/></CHARACTERISTIC><CHARACTERISTIC name="0D_NW_PRID"><SELECTIONS/></CHARACTERISTIC><CHARACTERISTIC name="0CALQUART1"><SELECTIONS/></CHARACTERISTIC><CHARACTERISTIC name="0CALYEAR"><SELECTIONS/></CHARACTERISTIC><CHARACTERISTIC name="0CALMONTH2"><SELECTIONS/></CHARACTERISTIC><CHARACTERISTIC name="0CALDAY"><SELECTIONS/></CHARACTERISTIC><CHARACTERISTIC name="0CALQUARTER"><SELECTIONS/></CHARACTERISTIC><CHARACTERISTIC name="0CALMONTH"><SELECTIONS/></CHARACTERISTIC><CHARACTERISTIC name="0D_NW_POCS"><SELECTIONS/></CHARACTERISTIC><CHARACTERISTIC name="0D_NW_PRID__0D_NW_PRCAT"><SELECTIONS/></CHARACTERISTIC><CHARACTERISTIC name="0D_NW_PRDGP"><SELECTIONS/></CHARACTERISTIC><CHARACTERISTIC name="0D_NW_BP__0D_NW_CNTRY"><SELECTIONS/></CHARACTERISTIC><CHARACTERISTIC name="0D_NW_POLS"><SELECTIONS/></CHARACTERISTIC><CHARACTERISTIC name="0D_NW_BP__0D_NW_REGIO"><SELECTIONS/></CHARACTERISTIC><CHARACTERISTIC name="0D_NW_ROLE"><SELECTIONS/></CHARACTERISTIC></CHARACTERISTICS></SELECTION></VISUAL_SELECTION_STATE_FOR_RESULT_SET><AXES><AXIS name="ROWS"><HIERARCHY><ACTIVE>false</ACTIVE><DRILL_LEVEL>0</DRILL_LEVEL></HIERARCHY><SYMMETRIC_DRILL_MODE>false</SYMMETRIC_DRILL_MODE><RESULT_POSITION>BOTTOM</RESULT_POSITION><ZERO_SUPPRESSION_MODE>NONE</ZERO_SUPPRESSION_MODE><ZERO_SUPPRESSION_ON_DATA_ENTRY_ENABLED_DATA_CELLS>true</ZERO_SUPPRESSION_ON_DATA_ENTRY_ENABLED_DATA_CELLS><CHARACTERISTICS><CHARACTERISTIC>0CALDAY</CHARACTERISTIC><CHARACTERISTIC>0CALMONTH2</CHARACTERISTIC><CHARACTERISTIC>0D_NW_SO</CHARACTERISTIC><CHARACTERISTIC>0D_NW_PRID</CHARACTERISTIC><CHARACTERISTIC>0D_NW_PRID__0D_NW_PRCAT</CHARACTERISTIC><CHARACTERISTIC>0D_NW_BP</CHARACTERISTIC><CHARACTERISTIC>0D_NW_BP__0D_NW_CNTRY</CHARACTERISTIC></CHARACTERISTICS><CUSTOM_PARAMETERS/></AXIS><AXIS name="COLUMNS"><HIERARCHY><ACTIVE>false</ACTIVE><DRILL_LEVEL>0</DRILL_LEVEL></HIERARCHY><SYMMETRIC_DRILL_MODE>false</SYMMETRIC_DRILL_MODE><RESULT_POSITION>BOTTOM</RESULT_POSITION><ZERO_SUPPRESSION_MODE>NONE</ZERO_SUPPRESSION_MODE><ZERO_SUPPRESSION_ON_DATA_ENTRY_ENABLED_DATA_CELLS>true</ZERO_SUPPRESSION_ON_DATA_ENTRY_ENABLED_DATA_CELLS><CHARACTERISTICS><CHARACTERISTIC>KEYFIGURES</CHARACTERISTIC></CHARACTERISTICS><CUSTOM_PARAMETERS/></AXIS><AXIS name="FREE"><HIERARCHY><ACTIVE>false</ACTIVE><DRILL_LEVEL>0</DRILL_LEVEL></HIERARCHY><SYMMETRIC_DRILL_MODE>false</SYMMETRIC_DRILL_MODE><RESULT_POSITION>BOTTOM</RESULT_POSITION><ZERO_SUPPRESSION_MODE>NONE</ZERO_SUPPRESSION_MODE><ZERO_SUPPRESSION_ON_DATA_ENTRY_ENABLED_DATA_CELLS>true</ZERO_SUPPRESSION_ON_DATA_ENTRY_ENABLED_DATA_CELLS><CHARACTERISTICS><CHARACTERISTIC>0D_NW_PRCAT</CHARACTERISTIC><CHARACTERISTIC>0CALQUART1</CHARACTERISTIC><CHARACTERISTIC>0CALYEAR</CHARACTERISTIC><CHARACTERISTIC>0CALQUARTER</CHARACTERISTIC><CHARACTERISTIC>0CALMONTH</CHARACTERISTIC><CHARACTERISTIC>0D_NW_POCS</CHARACTERISTIC><CHARACTERISTIC>0D_NW_PRDGP</CHARACTERISTIC><CHARACTERISTIC>0D_NW_POLS</CHARACTERISTIC><CHARACTERISTIC>0D_NW_BP__0D_NW_REGIO</CHARACTERISTIC><CHARACTERISTIC>0D_NW_ROLE</CHARACTERISTIC></CHARACTERISTICS><CUSTOM_PARAMETERS><NAMESPACE value="com.sap.ip.bi.bics.office.navigation.filter"><CHARACTERISTIC value="0D_NW_PRCAT"/></NAMESPACE></CUSTOM_PARAMETERS></AXIS></AXES><DATA_CELLS signPresentation="BEFORE_NUMBER" zeroPresentation="NORMAL"><DATA_CELL><MEMBERS><MEMBER characteristic="KEYFIGURES" name="A83Y2FPNS2H7DCEAQV64C7IZ6"/></MEMBERS><DECIMALS>-1</DECIMALS><SCALING_FACTOR>-1</SCALING_FACTOR><EMPHASIZED>false</EMPHASIZED><SIGN_REVERSAL>false</SIGN_REVERSAL><DETAIL_CALCULATION>NONE</DETAIL_CALCULATION><DETAIL_CALCULATION_DIRECTION>DEFAULT</DETAIL_CALCULATION_DIRECTION><CUMULATION>false</CUMULATION><APPLY_DETAIL_CALCULATION_TO_RESULTS>false</APPLY_DETAIL_CALCULATION_TO_RESULTS><APPLY_FORMER_DETAIL_CALCULATION_TO_RESULTS>false</APPLY_FORMER_DETAIL_CALCULATION_TO_RESULTS><RESULT_CALCULATION>NONE</RESULT_CALCULATION><DISAGGR_MODE>-1</DISAGGR_MODE><DISAGGR_KID>-1</DISAGGR_KID><CUSTOM_PARAMETERS/></DATA_CELL><DATA_CELL><MEMBERS><MEMBER characteristic="KEYFIGURES" name="A83Y2FPNS2H7DCEHG43W741JM"/></MEMBERS><DECIMALS>0</DECIMALS><SCALING_FACTOR>-1</SCALING_FACTOR><EMPHASIZED>false</EMPHASIZED><SIGN_REVERSAL>false</SIGN_REVERSAL><DETAIL_CALCULATION>NONE</DETAIL_CALCULATION><DETAIL_CALCULATION_DIRECTION>DEFAULT</DETAIL_CALCULATION_DIRECTION><CUMULATION>false</CUMULATION><APPLY_DETAIL_CALCULATION_TO_RESULTS>false</APPLY_DETAIL_CALCULATION_TO_RESULTS><APPLY_FORMER_DETAIL_CALCULATION_TO_RESULTS>false</APPLY_FORMER_DETAIL_CALCULATION_TO_RESULTS><RESULT_CALCULATION>NONE</RESULT_CALCULATION><DISAGGR_MODE>-1</DISAGGR_MODE><DISAGGR_KID>-1</DISAGGR_KID><CUSTOM_PARAMETERS/></DATA_CELL><DATA_CELL><MEMBERS><MEMBER characteristic="KEYFIGURES" name="A83Y2FPNS2H7DCEHG43W747V6"/></MEMBERS><DECIMALS>-1</DECIMALS><SCALING_FACTOR>-1</SCALING_FACTOR><EMPHASIZED>false</EMPHASIZED><SIGN_REVERSAL>false</SIGN_REVERSAL><DETAIL_CALCULATION>NONE</DETAIL_CALCULATION><DETAIL_CALCULATION_DIRECTION>DEFAULT</DETAIL_CALCULATION_DIRECTION><CUMULATION>false</CUMULATION><APPLY_DETAIL_CALCULATION_TO_RESULTS>false</APPLY_DETAIL_CALCULATION_TO_RESULTS><APPLY_FORMER_DETAIL_CALCULATION_TO_RESULTS>false</APPLY_FORMER_DETAIL_CALCULATION_TO_RESULTS><RESULT_CALCULATION>NONE</RESULT_CALCULATION><DISAGGR_MODE>-1</DISAGGR_MODE><DISAGGR_KID>-1</DISAGGR_KID><CUSTOM_PARAMETERS/></DATA_CELL><DATA_CELL><MEMBERS><MEMBER characteristic="KEYFIGURES" name="A83Y2FPNS2H7DCEHNJ2YXZQ36"/></MEMBERS><DECIMALS>1</DECIMALS><SCALING_FACTOR>-1</SCALING_FACTOR><EMPHASIZED>false</EMPHASIZED><SIGN_REVERSAL>false</SIGN_REVERSAL><DETAIL_CALCULATION>NONE</DETAIL_CALCULATION><DETAIL_CALCULATION_DIRECTION>DEFAULT</DETAIL_CALCULATION_DIRECTION><CUMULATION>false</CUMULATION><APPLY_DETAIL_CALCULATION_TO_RESULTS>false</APPLY_DETAIL_CALCULATION_TO_RESULTS><APPLY_FORMER_DETAIL_CALCULATION_TO_RESULTS>false</APPLY_FORMER_DETAIL_CALCULATION_TO_RESULTS><RESULT_CALCULATION>NONE</RESULT_CALCULATION><DISAGGR_MODE>-1</DISAGGR_MODE><DISAGGR_KID>-1</DISAGGR_KID><CUSTOM_PARAMETERS/></DATA_CELL><DATA_CELL><MEMBERS><MEMBER characteristic="KEYFIGURES" name="A83Y2FPNS2H7DCEHQS1SAY502"/></MEMBERS><DECIMALS>-1</DECIMALS><SCALING_FACTOR>-1</SCALING_FACTOR><EMPHASIZED>false</EMPHASIZED><SIGN_REVERSAL>false</SIGN_REVERSAL><DETAIL_CALCULATION>NONE</DETAIL_CALCULATION><DETAIL_CALCULATION_DIRECTION>DEFAULT</DETAIL_CALCULATION_DIRECTION><CUMULATION>false</CUMULATION><APPLY_DETAIL_CALCULATION_TO_RESULTS>false</APPLY_DETAIL_CALCULATION_TO_RESULTS><APPLY_FORMER_DETAIL_CALCULATION_TO_RESULTS>false</APPLY_FORMER_DETAIL_CALCULATION_TO_RESULTS><RESULT_CALCULATION>NONE</RESULT_CALCULATION><DISAGGR_MODE>-1</DISAGGR_MODE><DISAGGR_KID>-1</DISAGGR_KID><CUSTOM_PARAMETERS/></DATA_CELL><DATA_CELL><MEMBERS><MEMBER characteristic="KEYFIGURES" name="A83Y2FPNS2H7DCEHX3D738ATU"/></MEMBERS><DECIMALS>-1</DECIMALS><SCALING_FACTOR>-1</SCALING_FACTOR><EMPHASIZED>false</EMPHASIZED><SIGN_REVERSAL>false</SIGN_REVERSAL><DETAIL_CALCULATION>NONE</DETAIL_CALCULATION><DETAIL_CALCULATION_DIRECTION>DEFAULT</DETAIL_CALCULATION_DIRECTION><CUMULATION>false</CUMULATION><APPLY_DETAIL_CALCULATION_TO_RESULTS>false</APPLY_DETAIL_CALCULATION_TO_RESULTS><APPLY_FORMER_DETAIL_CALCULATION_TO_RESULTS>false</APPLY_FORMER_DETAIL_CALCULATION_TO_RESULTS><RESULT_CALCULATION>NONE</RESULT_CALCULATION><DISAGGR_MODE>-1</DISAGGR_MODE><DISAGGR_KID>-1</DISAGGR_KID><CUSTOM_PARAMETERS/></DATA_CELL><DATA_CELL><MEMBERS><MEMBER characteristic="KEYFIGURES" name="A83Y2FPNS2H7DCEI58EIJ3HSI"/></MEMBERS><DECIMALS>-1</DECIMALS><SCALING_FACTOR>-1</SCALING_FACTOR><EMPHASIZED>false</EMPHASIZED><SIGN_REVERSAL>false</SIGN_REVERSAL><DETAIL_CALCULATION>NONE</DETAIL_CALCULATION><DETAIL_CALCULATION_DIRECTION>DEFAULT</DETAIL_CALCULATION_DIRECTION><CUMULATION>false</CUMULATION><APPLY_DETAIL_CALCULATION_TO_RESULTS>false</APPLY_DETAIL_CALCULATION_TO_RESULTS><APPLY_FORMER_DETAIL_CALCULATION_TO_RESULTS>false</APPLY_FORMER_DETAIL_CALCULATION_TO_RESULTS><RESULT_CALCULATION>NONE</RESULT_CALCULATION><DISAGGR_MODE>-1</DISAGGR_MODE><DISAGGR_KID>-1</DISAGGR_KID><CUSTOM_PARAMETERS/></DATA_CELL></DATA_CELLS><CURRENCY_TRANSLATION mode=""/><RESULT_SET_SIZE_LIMIT>0</RESULT_SET_SIZE_LIMIT><DRILL_OPERATIONS/><EXCEPTIONS/><CONDITIONS/></BICS_VIEW>