<<BEGIN OF METADATA>>;;;;;;;
<<BEGIN OF PROPERTIES>>;;;;;;;
DESCRIPTION;EMP - Custom Map;;;;;;
VERSION;1;;;;;;
<<END OF PROPERTIES>>;;;;;;;
<<BEGIN OF ROLESUPPORT>>;;;;;;;
Role;Name;Description;Field;Referenced Characteristic;Presentation;Data Type;Aggregation Mode
CHARACTERISTIC;0D_NW_BP;Business Partner;1;;TEXT;STRING;
CHARACTERISTIC;0D_NW_BP;Business Partner;2;;KEY;UPPER_CASE_STRING;
ATTRIBUTE;0D_NW_ADDR;Address;3;0D_NW_BP;DISPLAY_KEY;STRING;
ATTRIBUTE;0D_NW_ADDR;Address;4;0D_NW_BP;KEY;STRING;
ATTRIBUTE;0D_NW_CITY;City;5;0D_NW_BP;DISPLAY_KEY;STRING;
ATTRIBUTE;0D_NW_CITY;City;6;0D_NW_BP;KEY;STRING;
ATTRIBUTE;0D_NW_POST;Postal Code;7;0D_NW_BP;DISPLAY_KEY;STRING;
ATTRIBUTE;0D_NW_POST;Postal Code;8;0D_NW_BP;KEY;UPPER_CASE_STRING;
ATTRIBUTE;0D_NW_REGIO;Region;9;0D_NW_BP;DISPLAY_KEY_MIXED_COMPOUNDMENT;STRING;
ATTRIBUTE;0D_NW_REGIO;Region;10;0D_NW_BP;KEY;UPPER_CASE_STRING;
CHARACTERISTIC;0D_NW_SO;Sales Order (EPM D.);11;;DISPLAY_KEY;STRING;
CHARACTERISTIC;0D_NW_SO;Sales Order (EPM D.);12;;KEY;UPPER_CASE_STRING;
CHARACTERISTIC;0D_NW_PRCAT;Product Category;13;;DISPLAY_KEY;STRING;
CHARACTERISTIC;0D_NW_PRCAT;Product Category;14;;KEY;STRING;
ATTRIBUTE;0D_SUPERCAT;Super Cat;15;0D_NW_PRCAT;KEY;STRING;
ATTRIBUTE;0D_SUPERCAT;Super Cat;16;0D_NW_PRCAT;TEXT;STRING;
CHARACTERISTIC;0D_NW_PRID;Product ID;17;;DISPLAY_KEY;STRING;
CHARACTERISTIC;0D_NW_PRID;Product ID;18;;TEXT;STRING;
CHARACTERISTIC;0D_NW_PRID;Product ID;19;;KEY;UPPER_CASE_STRING;
ATTRIBUTE;0D_NW_PRICE;Product  Price;20;0D_NW_PRID;DISPLAY_KEY;STRING;
ATTRIBUTE;0D_NW_PRICE;Product  Price;21;0D_NW_PRID;KEY;STRING;
CHARACTERISTIC;0CALMONTH2;Calendar month;22;;DISPLAY_KEY;STRING;
CHARACTERISTIC;0CALMONTH2;Calendar month;23;;KEY;UPPER_CASE_STRING;
CHARACTERISTIC;0CALDAY;Calendar day;24;;KEY;CALENDAR_DAY;
CHARACTERISTIC;0D_NW_PRID__0D_NW_PRCAT;Product Category;25;;DISPLAY_KEY;STRING;
CHARACTERISTIC;0D_NW_PRID__0D_NW_PRCAT;Product Category;26;;KEY;STRING;
CHARACTERISTIC;0D_NW_BP__0D_NW_CNTRY;Country;27;;DISPLAY_KEY;STRING;
CHARACTERISTIC;0D_NW_BP__0D_NW_CNTRY;Country;28;;TEXT;STRING;
CHARACTERISTIC;0D_NW_BP__0D_NW_CNTRY;Country;29;;KEY;UPPER_CASE_STRING;
KEYFIGURE;A83Y2FPNS2H7DCEHG43W741JM;Net Amount;30;;VALUE;DOUBLE;SUM
KEYFIGURE;A83Y2FPNS2H7DCEHG43W741JM;Net Amount;31;;CURRENCY;STRING;
KEYFIGURE;A83Y2FPNS2H7DCEHNJ2YXZQ36;%;32;;VALUE;PERCENT;UNKNOWN
KEYFIGURE;A83Y2FPNS2H7DCEAQV64C7IZ6;Net Work;33;;VALUE;DOUBLE;SUM
KEYFIGURE;A83Y2FPNS2H7DCEAQV64C7IZ6;Net Work;34;;CURRENCY;STRING;
KEYFIGURE;A83Y2FPNS2H7DCEHQS1SAY502;Net Flat;35;;VALUE;DOUBLE;SUM
KEYFIGURE;A83Y2FPNS2H7DCEHQS1SAY502;Net Flat;36;;CURRENCY;STRING;
KEYFIGURE;A83Y2FPNS2H7DCEHX3D738ATU;Net NB;37;;VALUE;DOUBLE;SUM
KEYFIGURE;A83Y2FPNS2H7DCEHX3D738ATU;Net NB;38;;CURRENCY;STRING;
KEYFIGURE;A83Y2FPNS2H7DCEI58EIJ3HSI;Net LP;39;;VALUE;DOUBLE;SUM
KEYFIGURE;A83Y2FPNS2H7DCEI58EIJ3HSI;Net LP;40;;CURRENCY;STRING;
KEYFIGURE;A83Y2FPNS2H7DCEHG43W747V6;Net Order Amount;41;;VALUE;DOUBLE;SUM
KEYFIGURE;A83Y2FPNS2H7DCEHG43W747V6;Net Order Amount;42;;CURRENCY;STRING;
<<END OF ROLESUPPORT>>;;;;;;;
<<BEGIN OF FORMAT SETTINGS>>;;;;;;;
TYPE;VALUE;;;;;;
GROUP SEPARATOR;�;;;;;;
DECIMAL SEPARATOR;,;;;;;;
DATE FORMAT;M/d/yy;;;;;;
DATE TIME FORMAT;M/d/yy h:mm a;;;;;;
STANDARD TIMEZONE;America/New_York;;;;;;
<<END OF FORMAT SETTINGS>>;;;;;;;
<<END OF METADATA>>;;;;;;;
