<<BEGIN OF METADATA>>;;;;;;
<<BEGIN OF ROLESUPPORT>>;;;;;;
Role;Name;Description;Field;Referenced Characteristic;Presentation;Data Types
CHARACTERISTIC;YEAR_QUARTER;Year Quarter;1;;KEY;STRING
CHARACTERISTIC;CUSTOMER;Customer;2;;KEY;STRING
CHARACTERISTIC;CUSTOMER;Customer;3;;TEXT;STRING
ATTRIBUTE;LONGITUDE;LONGITUDE;4;CUSTOMER;KEY;STRING
ATTRIBUTE;LATTITUDE;LATTITUDE;5;CUSTOMER;KEY;STRING
ATTRIBUTE;CITY;City;6;CUSTOMER;KEY;STRING
CHARACTERISTIC;PRODUCT_GROUP;Product Group;7;;KEY;STRING
CHARACTERISTIC;PRODUCT_GROUP;Product Group;8;;TEXT;STRING
CHARACTERISTIC;DISTR_CHANNEL;Distribution Channel;9;;KEY;STRING
CHARACTERISTIC;DISTR_CHANNEL;Distribution Channel;10;;TEXT;STRING
CHARACTERISTIC;AREA_CODE;Area Code;11;;KEY;STRING
CHARACTERISTIC;AREA_CODE;Area Code;12;;TEXT;STRING
CHARACTERISTIC;REGION;Region;13;;KEY;STRING
CHARACTERISTIC;REGION;Region;14;;TEXT;STRING
KEYFIGURE;BILLED_QUANTITY;Billed Quantity;15;;VALUE;DOUBLE
KEYFIGURE;BILLED_QUANTITY;Billed Quantity;16;;UNIT;STRING
KEYFIGURE;SALES_VALUE;Sales Value;17;;VALUE;DOUBLE
KEYFIGURE;SALES_VALUE;Sales Value;18;;CURRENCY;STRING
KEYFIGURE;PREV_BILL;PY Bill Quantity;19;;VALUE;DOUBLE
KEYFIGURE;PREV_BILL;PY Bill Quantity;20;;UNIT;STRING
KEYFIGURE;VARIANCE_QTY;TY vs LY Quantity;21;;VALUE;DOUBLE
KEYFIGURE;VARIANCE_QTY;TY vs LY Quantity;22;;UNIT;STRING
<<END OF ROLESUPPORT>>;;;;;;
<<BEGIN OF FORMAT SETTINGS>>;;;;;;
TYPE;VALUE;;;;;
GROUP SEPERATOR;,;;;;;
DECIMAL SEPERATOR;.;;;;;
DATE SEPERATOR;/;;;;;
STANDARD CURRENCY;$;;;;;
STANDARD TIMEZONE;GMT;;;;;
<<END OF FORMAT SETTINGS>>;;;;;;
<<BEGIN OF HIERARCHIES>>;;;;;;
Type;Name;Reference Characteritic;Level Count;;;
LEVEL;DistributionChannel;PRODUCT_GROUP;1;DISTR_CHANNEL;;
LEVEL;ProductGroupHier;DISTR_CHANNEL;1;PRODUCT_GROUP;;
LEVEL;Region;AREA_CODE;1;REGION;;
<<END OF HIERARCHIES>>;;;;;;
<<END OF METADATA>>;;;;;;
