﻿"<<BEGIN OF METADATA>>"
"<<BEGIN OF PROPERTIES>>"
"DESCRIPTION";""
"VERSION";"1"
"<<END OF PROPERTIES>>"
"<<BEGIN OF ROLESUPPORT>>"
"Role";"Name";"Description";"Field";"Referenced Characteristic";"Presentation";"Data Type";"Aggregation Mode"
"CHARACTERISTIC";"0D_CHANNEL";"0D_CHANNEL";"1";"";"TEXT";"STRING"
"CHARACTERISTIC";"0D_CHANNEL";"0D_CHANNEL";"2";"";"KEY";"UPPER_CASE_STRING"
"CHARACTERISTIC";"0CALMONTH";"Calendar Year/Month";"3";"";"TEXT";"STRING"
"CHARACTERISTIC";"0CALMONTH";"Calendar Year/Month";"4";"";"KEY";"UPPER_CASE_STRING"
"KEYFIGURE";"95TWOIEM1H5G7RGESZHM8R5VD";"95TWOIEM1H5G7RGESZHM8R5VD";"5";"";"VALUE";"DOUBLE";"SUM"
"KEYFIGURE";"95TWOIEM1H5G7RGESZHM8R5VD";"95TWOIEM1H5G7RGESZHM8R5VD";"6";"";"CURRENCY";"STRING"
"KEYFIGURE";"97YMTUD7EUW4CXMZ0N7532T15";"97YMTUD7EUW4CXMZ0N7532T15";"7";"";"VALUE";"DOUBLE";"SUM"
"KEYFIGURE";"97YMTUD7EUW4CXMZ0N7532T15";"97YMTUD7EUW4CXMZ0N7532T15";"8";"";"UNIT";"STRING"
"KEYFIGURE";"9A3CZ6BSS8MSI3TJ8AWNXEG6X";"9A3CZ6BSS8MSI3TJ8AWNXEG6X";"9";"";"VALUE";"DOUBLE";"SUM"
"KEYFIGURE";"9A3CZ6BSS8MSI3TJ8AWNXEG6X";"9A3CZ6BSS8MSI3TJ8AWNXEG6X";"10";"";"CURRENCY";"STRING"
"KEYFIGURE";"9C834IAE5MDGNA03FYM6RQ3CP";"9C834IAE5MDGNA03FYM6RQ3CP";"11";"";"VALUE";"DOUBLE";"SUM"
"KEYFIGURE";"9C834IAE5MDGNA03FYM6RQ3CP";"9C834IAE5MDGNA03FYM6RQ3CP";"12";"";"UNIT";"STRING"
"<<END OF ROLESUPPORT>>"
"<<BEGIN OF FORMAT SETTINGS>>"
"TYPE";"VALUE"
"GROUP SEPARATOR";"."
"DECIMAL SEPARATOR";","
"DATE FORMAT";"M/d/yy"
"DATE TIME FORMAT";"M/d/yy h:mm a"
"STANDARD TIMEZONE";"Europe/Berlin"
"<<END OF FORMAT SETTINGS>>"
"<<END OF METADATA>>"
