﻿<?xml version="1.0" encoding="UTF-8" standalone="no"?><BICS_VIEW><MODULES/><INFO_PROVIDER name="0D_DX_M01"/><QUERY name="0D_DX_M01_Q0006"><DUE_DATE>20160418</DUE_DATE></QUERY><VARIABLES/><SELECTION_SPACE_SORTING type="DEFAULT"/><SELECTION_STATE_SORTING type="DEFAULT"/><SELECTION_STATE><SELECTION type="CARTESIAN_PRODUCT"><CHARACTERISTICS><CHARACTERISTIC name="0CALMONTH"><SELECTIONS><SELECTION type="SINGLE_MEMBER"><MEMBER name="200601" type="MEMBER"/></SELECTION><SELECTION type="SINGLE_MEMBER"><MEMBER name="200602" type="MEMBER"/></SELECTION><SELECTION type="SINGLE_MEMBER"><MEMBER name="200603" type="MEMBER"/></SELECTION><SELECTION type="SINGLE_MEMBER"><MEMBER name="200604" type="MEMBER"/></SELECTION></SELECTIONS></CHARACTERISTIC><CHARACTERISTIC name="0D_CHANNEL"><SELECTIONS/></CHARACTERISTIC><CHARACTERISTIC name="0D_PH1"><SELECTIONS/></CHARACTERISTIC><CHARACTERISTIC name="0D_PH2"><SELECTIONS/></CHARACTERISTIC><CHARACTERISTIC name="KEYFIGURES"><SELECTIONS><SELECTION type="SINGLE_MEMBER"><MEMBER name="95TWOIEM1H5G7RGESZHM8R5VD" type="MEMBER"/></SELECTION><SELECTION type="SINGLE_MEMBER"><MEMBER name="97YMTUD7EUW4CXMZ0N7532T15" type="MEMBER"/></SELECTION></SELECTIONS></CHARACTERISTIC></CHARACTERISTICS></SELECTION></SELECTION_STATE><CHARACTERISTICS><CHARACTERISTIC name="0D_PH2"><VISUALIZATION_LEVEL>DEFAULT</VISUALIZATION_LEVEL><ATTRIBUTES><ATTRIBUTE name="0CURRENCY"><VISUALIZATION_LEVEL>DEFAULT</VISUALIZATION_LEVEL><MEMBER_ACCESS><PRESENTATIONS><PRESENTATION>TEXT</PRESENTATION></PRESENTATIONS><SORTING type="DEFAULT"><PREDEFINED_MEMBERS_ORDER/><DIRECTION>ASCENDING</DIRECTION></SORTING></MEMBER_ACCESS><SELECTION><PRESENTATIONS binding="MEMBER_ACCESS"/></SELECTION><CUSTOM_PARAMETERS/><RESULT_SET><PRESENTATIONS><PRESENTATION>TEXT</PRESENTATION></PRESENTATIONS><ATTRIBUTES/></RESULT_SET></ATTRIBUTE><ATTRIBUTE name="0D_PREIS"><VISUALIZATION_LEVEL>DEFAULT</VISUALIZATION_LEVEL><MEMBER_ACCESS><PRESENTATIONS><PRESENTATION>DISPLAY_KEY</PRESENTATION></PRESENTATIONS><SORTING type="DEFAULT"><PREDEFINED_MEMBERS_ORDER/><DIRECTION>ASCENDING</DIRECTION></SORTING></MEMBER_ACCESS><SELECTION><PRESENTATIONS binding="MEMBER_ACCESS"/></SELECTION><CUSTOM_PARAMETERS/><RESULT_SET><PRESENTATIONS><PRESENTATION>DISPLAY_KEY</PRESENTATION></PRESENTATIONS><ATTRIBUTES/></RESULT_SET></ATTRIBUTE></ATTRIBUTES><MEMBER_ACCESS mode="BOOKED_VALUES"><PRESENTATIONS><PRESENTATION>TEXT</PRESENTATION></PRESENTATIONS><ATTRIBUTES><ATTRIBUTE>0CURRENCY</ATTRIBUTE><ATTRIBUTE>0D_PREIS</ATTRIBUTE></ATTRIBUTES><SORTING type="DEFAULT"><PREDEFINED_MEMBERS_ORDER/><DIRECTION>ASCENDING</DIRECTION></SORTING></MEMBER_ACCESS><SELECTION><PRESENTATIONS><PRESENTATION>TEXT</PRESENTATION></PRESENTATIONS><ATTRIBUTES/></SELECTION><CUSTOM_PARAMETERS/><HIERARCHY dueDate="00000000" name=""/><RESULT_SET mode="BOOKED_VALUES"><RESULT_VISIBILITY>VISIBLE</RESULT_VISIBILITY><PRESENTATIONS><PRESENTATION>TEXT</PRESENTATION></PRESENTATIONS><ATTRIBUTES/><SORTING type="DEFAULT"><PREDEFINED_MEMBERS_ORDER/><DIRECTION>ASCENDING</DIRECTION></SORTING></RESULT_SET></CHARACTERISTIC><CHARACTERISTIC name="0D_PH1"><VISUALIZATION_LEVEL>DEFAULT</VISUALIZATION_LEVEL><MEMBER_ACCESS mode="BOOKED_VALUES"><PRESENTATIONS><PRESENTATION>TEXT</PRESENTATION></PRESENTATIONS><SORTING type="DEFAULT"><PREDEFINED_MEMBERS_ORDER/><DIRECTION>ASCENDING</DIRECTION></SORTING></MEMBER_ACCESS><SELECTION><PRESENTATIONS><PRESENTATION>TEXT</PRESENTATION></PRESENTATIONS></SELECTION><CUSTOM_PARAMETERS/><HIERARCHY dueDate="00000000" name=""/><RESULT_SET mode="BOOKED_VALUES"><RESULT_VISIBILITY>VISIBLE</RESULT_VISIBILITY><PRESENTATIONS><PRESENTATION>TEXT</PRESENTATION></PRESENTATIONS><SORTING type="DEFAULT"><PREDEFINED_MEMBERS_ORDER/><DIRECTION>ASCENDING</DIRECTION></SORTING></RESULT_SET></CHARACTERISTIC><CHARACTERISTIC name="0D_CHANNEL"><VISUALIZATION_LEVEL>DEFAULT</VISUALIZATION_LEVEL><MEMBER_ACCESS mode="BOOKED_VALUES"><PRESENTATIONS><PRESENTATION>TEXT</PRESENTATION></PRESENTATIONS><SORTING type="DEFAULT"><PREDEFINED_MEMBERS_ORDER/><DIRECTION>ASCENDING</DIRECTION></SORTING></MEMBER_ACCESS><SELECTION><PRESENTATIONS><PRESENTATION>TEXT</PRESENTATION></PRESENTATIONS></SELECTION><CUSTOM_PARAMETERS/><HIERARCHY dueDate="00000000" name=""/><RESULT_SET mode="BOOKED_VALUES"><RESULT_VISIBILITY>VISIBLE</RESULT_VISIBILITY><PRESENTATIONS><PRESENTATION>TEXT</PRESENTATION></PRESENTATIONS><SORTING type="DEFAULT"><PREDEFINED_MEMBERS_ORDER/><DIRECTION>ASCENDING</DIRECTION></SORTING></RESULT_SET></CHARACTERISTIC><CHARACTERISTIC name="KEYFIGURES"><VISUALIZATION_LEVEL>DEFAULT</VISUALIZATION_LEVEL><MEMBER_ACCESS><PRESENTATIONS><PRESENTATION>TEXT</PRESENTATION></PRESENTATIONS><SORTING type="DEFAULT"><PREDEFINED_MEMBERS_ORDER/><DIRECTION>ASCENDING</DIRECTION></SORTING></MEMBER_ACCESS><SELECTION><PRESENTATIONS><PRESENTATION>TEXT</PRESENTATION></PRESENTATIONS></SELECTION><CUSTOM_PARAMETERS><NAMESPACE value="com.sap.ip.bi.bics.office.navigation"><EXPANDED value="true"/></NAMESPACE></CUSTOM_PARAMETERS><HIERARCHY dueDate="00000000" name=""/><RESULT_SET><RESULT_VISIBILITY>HIDDEN</RESULT_VISIBILITY><PRESENTATIONS><PRESENTATION>TEXT</PRESENTATION></PRESENTATIONS><SORTING type="DEFAULT"><PREDEFINED_MEMBERS_ORDER/><DIRECTION>ASCENDING</DIRECTION></SORTING></RESULT_SET><FORMULA_MEMBERS/><CUSTOM_MEMBER_TEXTS/><CONTAINS_KEYFIGURES>true</CONTAINS_KEYFIGURES><ZERO_SUPPRESSION_GROUPING>false</ZERO_SUPPRESSION_GROUPING></CHARACTERISTIC><CHARACTERISTIC name="0CALMONTH"><VISUALIZATION_LEVEL>DEFAULT</VISUALIZATION_LEVEL><ATTRIBUTES><ATTRIBUTE name="0CALMONTH2"><VISUALIZATION_LEVEL>DEFAULT</VISUALIZATION_LEVEL><MEMBER_ACCESS><PRESENTATIONS><PRESENTATION>DISPLAY_KEY</PRESENTATION></PRESENTATIONS><SORTING type="DEFAULT"><PREDEFINED_MEMBERS_ORDER/><DIRECTION>ASCENDING</DIRECTION></SORTING></MEMBER_ACCESS><SELECTION><PRESENTATIONS binding="MEMBER_ACCESS"/></SELECTION><CUSTOM_PARAMETERS/><RESULT_SET><PRESENTATIONS><PRESENTATION>DISPLAY_KEY</PRESENTATION></PRESENTATIONS><ATTRIBUTES/></RESULT_SET></ATTRIBUTE><ATTRIBUTE name="0CALYEAR"><VISUALIZATION_LEVEL>DEFAULT</VISUALIZATION_LEVEL><MEMBER_ACCESS><PRESENTATIONS><PRESENTATION>DISPLAY_KEY</PRESENTATION></PRESENTATIONS><SORTING type="DEFAULT"><PREDEFINED_MEMBERS_ORDER/><DIRECTION>ASCENDING</DIRECTION></SORTING></MEMBER_ACCESS><SELECTION><PRESENTATIONS binding="MEMBER_ACCESS"/></SELECTION><CUSTOM_PARAMETERS/><RESULT_SET><PRESENTATIONS><PRESENTATION>DISPLAY_KEY</PRESENTATION></PRESENTATIONS><ATTRIBUTES/></RESULT_SET></ATTRIBUTE><ATTRIBUTE name="0DATEFROM"><VISUALIZATION_LEVEL>DEFAULT</VISUALIZATION_LEVEL><MEMBER_ACCESS><PRESENTATIONS><PRESENTATION>DISPLAY_KEY</PRESENTATION></PRESENTATIONS><SORTING type="DEFAULT"><PREDEFINED_MEMBERS_ORDER/><DIRECTION>ASCENDING</DIRECTION></SORTING></MEMBER_ACCESS><SELECTION><PRESENTATIONS binding="MEMBER_ACCESS"/></SELECTION><CUSTOM_PARAMETERS/><RESULT_SET><PRESENTATIONS><PRESENTATION>DISPLAY_KEY</PRESENTATION></PRESENTATIONS><ATTRIBUTES/></RESULT_SET></ATTRIBUTE><ATTRIBUTE name="0DATETO"><VISUALIZATION_LEVEL>DEFAULT</VISUALIZATION_LEVEL><MEMBER_ACCESS><PRESENTATIONS><PRESENTATION>DISPLAY_KEY</PRESENTATION></PRESENTATIONS><SORTING type="DEFAULT"><PREDEFINED_MEMBERS_ORDER/><DIRECTION>ASCENDING</DIRECTION></SORTING></MEMBER_ACCESS><SELECTION><PRESENTATIONS binding="MEMBER_ACCESS"/></SELECTION><CUSTOM_PARAMETERS/><RESULT_SET><PRESENTATIONS><PRESENTATION>DISPLAY_KEY</PRESENTATION></PRESENTATIONS><ATTRIBUTES/></RESULT_SET></ATTRIBUTE><ATTRIBUTE name="0NUMDAY"><VISUALIZATION_LEVEL>DEFAULT</VISUALIZATION_LEVEL><MEMBER_ACCESS><PRESENTATIONS><PRESENTATION>DISPLAY_KEY</PRESENTATION></PRESENTATIONS><SORTING type="DEFAULT"><PREDEFINED_MEMBERS_ORDER/><DIRECTION>ASCENDING</DIRECTION></SORTING></MEMBER_ACCESS><SELECTION><PRESENTATIONS binding="MEMBER_ACCESS"/></SELECTION><CUSTOM_PARAMETERS/><RESULT_SET><PRESENTATIONS><PRESENTATION>DISPLAY_KEY</PRESENTATION></PRESENTATIONS><ATTRIBUTES/></RESULT_SET></ATTRIBUTE><ATTRIBUTE name="0NUMWDAY"><VISUALIZATION_LEVEL>DEFAULT</VISUALIZATION_LEVEL><MEMBER_ACCESS><PRESENTATIONS><PRESENTATION>DISPLAY_KEY</PRESENTATION></PRESENTATIONS><SORTING type="DEFAULT"><PREDEFINED_MEMBERS_ORDER/><DIRECTION>ASCENDING</DIRECTION></SORTING></MEMBER_ACCESS><SELECTION><PRESENTATIONS binding="MEMBER_ACCESS"/></SELECTION><CUSTOM_PARAMETERS/><RESULT_SET><PRESENTATIONS><PRESENTATION>DISPLAY_KEY</PRESENTATION></PRESENTATIONS><ATTRIBUTES/></RESULT_SET></ATTRIBUTE></ATTRIBUTES><MEMBER_ACCESS mode="BOOKED_VALUES"><PRESENTATIONS><PRESENTATION>TEXT</PRESENTATION></PRESENTATIONS><ATTRIBUTES><ATTRIBUTE>0CALYEAR</ATTRIBUTE><ATTRIBUTE>0CALMONTH2</ATTRIBUTE><ATTRIBUTE>0NUMDAY</ATTRIBUTE><ATTRIBUTE>0NUMWDAY</ATTRIBUTE><ATTRIBUTE>0DATEFROM</ATTRIBUTE><ATTRIBUTE>0DATETO</ATTRIBUTE></ATTRIBUTES><SORTING type="MEMBERS"><PREDEFINED_MEMBERS_ORDER/><PRESENTATION>DISPLAY_KEY</PRESENTATION><DIRECTION>ASCENDING</DIRECTION></SORTING></MEMBER_ACCESS><SELECTION><PRESENTATIONS><PRESENTATION>TEXT</PRESENTATION></PRESENTATIONS><ATTRIBUTES/></SELECTION><CUSTOM_PARAMETERS><NAMESPACE value="com.sap.ip.bi.bics.office.navigation"><EXPANDED value="true"/></NAMESPACE></CUSTOM_PARAMETERS><HIERARCHY dueDate="00000000" name=""/><RESULT_SET mode="BOOKED_VALUES"><RESULT_VISIBILITY>VISIBLE</RESULT_VISIBILITY><PRESENTATIONS><PRESENTATION>TEXT</PRESENTATION></PRESENTATIONS><ATTRIBUTES/><SORTING type="MEMBERS"><PREDEFINED_MEMBERS_ORDER/><PRESENTATION>DISPLAY_KEY</PRESENTATION><DIRECTION>ASCENDING</DIRECTION></SORTING></RESULT_SET></CHARACTERISTIC></CHARACTERISTICS><CUSTOM_PARAMETERS/><DRILL_DOWN_CHARACTERISTICS_SORTING type="DEFAULT"/><VISUAL_SELECTION_STATE_FOR_RESULT_SET><SELECTION type="CARTESIAN_PRODUCT"><CHARACTERISTICS><CHARACTERISTIC name="0D_PH2"><SELECTIONS/></CHARACTERISTIC><CHARACTERISTIC name="0D_PH1"><SELECTIONS/></CHARACTERISTIC><CHARACTERISTIC name="0D_CHANNEL"><SELECTIONS/></CHARACTERISTIC><CHARACTERISTIC name="KEYFIGURES"><SELECTIONS/></CHARACTERISTIC><CHARACTERISTIC name="0CALMONTH"><SELECTIONS/></CHARACTERISTIC></CHARACTERISTICS></SELECTION></VISUAL_SELECTION_STATE_FOR_RESULT_SET><AXES><AXIS name="ROWS"><HIERARCHY><ACTIVE>false</ACTIVE><DRILL_LEVEL>0</DRILL_LEVEL></HIERARCHY><SYMMETRIC_DRILL_MODE>false</SYMMETRIC_DRILL_MODE><RESULT_POSITION>BOTTOM</RESULT_POSITION><ZERO_SUPPRESSION_MODE>NONE</ZERO_SUPPRESSION_MODE><ZERO_SUPPRESSION_ON_DATA_ENTRY_ENABLED_DATA_CELLS>true</ZERO_SUPPRESSION_ON_DATA_ENTRY_ENABLED_DATA_CELLS><CHARACTERISTICS><CHARACTERISTIC>0D_CHANNEL</CHARACTERISTIC></CHARACTERISTICS><CUSTOM_PARAMETERS/></AXIS><AXIS name="COLUMNS"><HIERARCHY><ACTIVE>false</ACTIVE><DRILL_LEVEL>0</DRILL_LEVEL></HIERARCHY><SYMMETRIC_DRILL_MODE>false</SYMMETRIC_DRILL_MODE><RESULT_POSITION>BOTTOM</RESULT_POSITION><ZERO_SUPPRESSION_MODE>NONE</ZERO_SUPPRESSION_MODE><ZERO_SUPPRESSION_ON_DATA_ENTRY_ENABLED_DATA_CELLS>true</ZERO_SUPPRESSION_ON_DATA_ENTRY_ENABLED_DATA_CELLS><CHARACTERISTICS><CHARACTERISTIC>0CALMONTH</CHARACTERISTIC><CHARACTERISTIC>KEYFIGURES</CHARACTERISTIC></CHARACTERISTICS><CUSTOM_PARAMETERS/></AXIS><AXIS name="FREE"><HIERARCHY><ACTIVE>false</ACTIVE><DRILL_LEVEL>0</DRILL_LEVEL></HIERARCHY><SYMMETRIC_DRILL_MODE>false</SYMMETRIC_DRILL_MODE><RESULT_POSITION>BOTTOM</RESULT_POSITION><ZERO_SUPPRESSION_MODE>NONE</ZERO_SUPPRESSION_MODE><ZERO_SUPPRESSION_ON_DATA_ENTRY_ENABLED_DATA_CELLS>true</ZERO_SUPPRESSION_ON_DATA_ENTRY_ENABLED_DATA_CELLS><CHARACTERISTICS><CHARACTERISTIC>0D_PH2</CHARACTERISTIC><CHARACTERISTIC>0D_PH1</CHARACTERISTIC></CHARACTERISTICS><CUSTOM_PARAMETERS/></AXIS></AXES><DATA_CELLS signPresentation="BEFORE_NUMBER" zeroPresentation="NORMAL"><DATA_CELL><MEMBERS><MEMBER characteristic="KEYFIGURES" name="95TWOIEM1H5G7RGESZHM8R5VD"/></MEMBERS><DECIMALS>0</DECIMALS><SCALING_FACTOR>3</SCALING_FACTOR><EMPHASIZED>false</EMPHASIZED><SIGN_REVERSAL>false</SIGN_REVERSAL><DETAIL_CALCULATION>NONE</DETAIL_CALCULATION><DETAIL_CALCULATION_DIRECTION>DEFAULT</DETAIL_CALCULATION_DIRECTION><CUMULATION>false</CUMULATION><APPLY_DETAIL_CALCULATION_TO_RESULTS>true</APPLY_DETAIL_CALCULATION_TO_RESULTS><APPLY_FORMER_DETAIL_CALCULATION_TO_RESULTS>false</APPLY_FORMER_DETAIL_CALCULATION_TO_RESULTS><RESULT_CALCULATION>NONE</RESULT_CALCULATION><DISAGGR_MODE>-1</DISAGGR_MODE><DISAGGR_KID>-1</DISAGGR_KID><CUSTOM_PARAMETERS/></DATA_CELL><DATA_CELL><MEMBERS><MEMBER characteristic="KEYFIGURES" name="97YMTUD7EUW4CXMZ0N7532T15"/></MEMBERS><DECIMALS>0</DECIMALS><SCALING_FACTOR>3</SCALING_FACTOR><EMPHASIZED>false</EMPHASIZED><SIGN_REVERSAL>false</SIGN_REVERSAL><DETAIL_CALCULATION>NONE</DETAIL_CALCULATION><DETAIL_CALCULATION_DIRECTION>DEFAULT</DETAIL_CALCULATION_DIRECTION><CUMULATION>false</CUMULATION><APPLY_DETAIL_CALCULATION_TO_RESULTS>true</APPLY_DETAIL_CALCULATION_TO_RESULTS><APPLY_FORMER_DETAIL_CALCULATION_TO_RESULTS>false</APPLY_FORMER_DETAIL_CALCULATION_TO_RESULTS><RESULT_CALCULATION>NONE</RESULT_CALCULATION><DISAGGR_MODE>-1</DISAGGR_MODE><DISAGGR_KID>-1</DISAGGR_KID><CUSTOM_PARAMETERS/></DATA_CELL><DATA_CELL><MEMBERS><MEMBER characteristic="KEYFIGURES" name="9A3CZ6BSS8MSI3TJ8AWNXEG6X"/></MEMBERS><DECIMALS>0</DECIMALS><SCALING_FACTOR>3</SCALING_FACTOR><EMPHASIZED>false</EMPHASIZED><SIGN_REVERSAL>false</SIGN_REVERSAL><DETAIL_CALCULATION>NONE</DETAIL_CALCULATION><DETAIL_CALCULATION_DIRECTION>DEFAULT</DETAIL_CALCULATION_DIRECTION><CUMULATION>false</CUMULATION><APPLY_DETAIL_CALCULATION_TO_RESULTS>true</APPLY_DETAIL_CALCULATION_TO_RESULTS><APPLY_FORMER_DETAIL_CALCULATION_TO_RESULTS>false</APPLY_FORMER_DETAIL_CALCULATION_TO_RESULTS><RESULT_CALCULATION>NONE</RESULT_CALCULATION><DISAGGR_MODE>-1</DISAGGR_MODE><DISAGGR_KID>-1</DISAGGR_KID><CUSTOM_PARAMETERS/></DATA_CELL><DATA_CELL><MEMBERS><MEMBER characteristic="KEYFIGURES" name="9C834IAE5MDGNA03FYM6RQ3CP"/></MEMBERS><DECIMALS>0</DECIMALS><SCALING_FACTOR>3</SCALING_FACTOR><EMPHASIZED>false</EMPHASIZED><SIGN_REVERSAL>false</SIGN_REVERSAL><DETAIL_CALCULATION>NONE</DETAIL_CALCULATION><DETAIL_CALCULATION_DIRECTION>DEFAULT</DETAIL_CALCULATION_DIRECTION><CUMULATION>false</CUMULATION><APPLY_DETAIL_CALCULATION_TO_RESULTS>true</APPLY_DETAIL_CALCULATION_TO_RESULTS><APPLY_FORMER_DETAIL_CALCULATION_TO_RESULTS>false</APPLY_FORMER_DETAIL_CALCULATION_TO_RESULTS><RESULT_CALCULATION>NONE</RESULT_CALCULATION><DISAGGR_MODE>-1</DISAGGR_MODE><DISAGGR_KID>-1</DISAGGR_KID><CUSTOM_PARAMETERS/></DATA_CELL></DATA_CELLS><CURRENCY_TRANSLATION mode=""/><RESULT_SET_SIZE_LIMIT>500000</RESULT_SET_SIZE_LIMIT><DRILL_OPERATIONS/><EXCEPTIONS><EXCEPTION name="LocalException-2" text="Conditional Format for Result"><ACTIVE>true</ACTIVE><EVALUATE_AFTER_CALCULATIONS>false</EVALUATE_AFTER_CALCULATIONS><FROM_QUERY_DEFINITION>false</FROM_QUERY_DEFINITION><APPLY_TO_DATA_CELL>true</APPLY_TO_DATA_CELL><AXIS_TO_APPLY_ALERT_LEVELS>NONE</AXIS_TO_APPLY_ALERT_LEVELS><DATA_CELLS><CHARACTERISTIC name="KEYFIGURES"><SOURCE type="MEMBER"><MEMBER name="97YMTUD7EUW4CXMZ0N7532T15" type="MEMBER"/></SOURCE></CHARACTERISTIC></DATA_CELLS><CHARACTERISTICS defaultOperator="ANY"><CHARACTERISTIC name="0D_CHANNEL" operator="ANY"/><CHARACTERISTIC name="0D_PH1" operator="RESULT"/><CHARACTERISTIC name="0D_PH2" operator="RESULT"/><CHARACTERISTIC name="0CALMONTH" operator="RESULT"/></CHARACTERISTICS><THRESHOLDS><THRESHOLD type="GREATER_THAN"><ALERT_LEVEL>1</ALERT_LEVEL><VALUE>1000000.0</VALUE></THRESHOLD></THRESHOLDS><CUSTOM_PARAMETERS><NAMESPACE value="com.sap.ip.bi.bics.exception"><FORMATTYPE value="4"/></NAMESPACE></CUSTOM_PARAMETERS></EXCEPTION><EXCEPTION name="LocalException-1" text="Conditional Format for Members"><ACTIVE>true</ACTIVE><EVALUATE_AFTER_CALCULATIONS>false</EVALUATE_AFTER_CALCULATIONS><FROM_QUERY_DEFINITION>false</FROM_QUERY_DEFINITION><APPLY_TO_DATA_CELL>true</APPLY_TO_DATA_CELL><AXIS_TO_APPLY_ALERT_LEVELS>NONE</AXIS_TO_APPLY_ALERT_LEVELS><DATA_CELLS><CHARACTERISTIC name="KEYFIGURES"><SOURCE type="MEMBER"><MEMBER name="97YMTUD7EUW4CXMZ0N7532T15" type="MEMBER"/></SOURCE></CHARACTERISTIC></DATA_CELLS><CHARACTERISTICS defaultOperator="ANY"><CHARACTERISTIC name="0D_CHANNEL" operator="ANY"/><CHARACTERISTIC name="0D_PH1" operator="ANY"/><CHARACTERISTIC name="0D_PH2" operator="ANY"/><CHARACTERISTIC name="0CALMONTH" operator="ANY"/></CHARACTERISTICS><THRESHOLDS><THRESHOLD type="LESS_THAN"><ALERT_LEVEL>9</ALERT_LEVEL><VALUE>150000.0</VALUE></THRESHOLD><THRESHOLD type="BETWEEN"><ALERT_LEVEL>5</ALERT_LEVEL><LOW_VALUE>150000.0</LOW_VALUE><HIGH_VALUE>450000.0</HIGH_VALUE></THRESHOLD><THRESHOLD type="GREATER_THAN"><ALERT_LEVEL>1</ALERT_LEVEL><VALUE>450000.0</VALUE></THRESHOLD></THRESHOLDS><CUSTOM_PARAMETERS><NAMESPACE value="com.sap.ip.bi.bics.exception"><FORMATTYPE value="4"/></NAMESPACE></CUSTOM_PARAMETERS></EXCEPTION></EXCEPTIONS><CONDITIONS/></BICS_VIEW>