<<BEGIN OF METADATA>>;;;;;;
<<BEGIN OF ROLESUPPORT>>;;;;;;
Role;Name;Description;Field;Referenced Characteristic;Presentation;Data Types
CHARACTERISTIC;YEAR_QUARTER;Year Quarter;1;;KEY;STRING
CHARACTERISTIC;PRODUCT_GROUP;Product Group;2;;KEY;STRING
CHARACTERISTIC;PRODUCT_GROUP;Product Group;3;;TEXT;STRING
CHARACTERISTIC;DISTR_CHANNEL;Distribution Channel;4;;KEY;STRING
CHARACTERISTIC;DISTR_CHANNEL;Distribution Channel;5;;TEXT;STRING
CHARACTERISTIC;AREA_CODE;Area Code;6;;KEY;STRING
CHARACTERISTIC;AREA_CODE;Area Code;7;;TEXT;STRING
CHARACTERISTIC;REGION;Region;8;;KEY;STRING
CHARACTERISTIC;REGION;Region;9;;TEXT;STRING
KEYFIGURE;BILLED_QUANTITY;Billed Quantity;10;;VALUE;DOUBLE
KEYFIGURE;BILLED_QUANTITY;Billed Quantity;11;;UNIT;STRING
KEYFIGURE;SALES_VALUE;Sales Value;12;;VALUE;DOUBLE
KEYFIGURE;SALES_VALUE;Sales Value;13;;CURRENCY;STRING
<<END OF ROLESUPPORT>>;;;;;;
<<BEGIN OF FORMAT SETTINGS>>;;;;;;
TYPE;VALUE;;;;;
GROUP SEPERATOR;,;;;;;
DECIMAL SEPERATOR;.;;;;;
DATE SEPERATOR;/;;;;;
STANDARD CURRENCY;$;;;;;
STANDARD TIMEZONE;GMT;;;;;
<<END OF FORMAT SETTINGS>>;;;;;;
<<BEGIN OF HIERARCHIES>>;;;;;;
Type;Name;Reference Characteritic;Level Count;;;
LEVEL;DistributionChannel;PRODUCT_GROUP;1;DISTR_CHANNEL;;
LEVEL;ProductGroupHier;DISTR_CHANNEL;1;PRODUCT_GROUP;;
LEVEL;Region;AREA_CODE;1;REGION;;
<<END OF HIERARCHIES>>;;;;;;
<<END OF METADATA>>;;;;;;
