﻿"<<BEGIN OF METADATA>>"
"<<BEGIN OF PROPERTIES>>"
"DESCRIPTION";"CSVDatasource"
"VERSION";"1"
"<<END OF PROPERTIES>>"
"<<BEGIN OF ROLESUPPORT>>"
"Role";"Name";"Description";"Field";"Referenced Characteristic";"Presentation";"Data Type";"Aggregation Mode"
KEYFIGURE;Counter;Counter;1;;VALUE;INTEGER;SUM
CHARACTERISTIC;ProjectCategory;Project Category;2;;KEY;STRING;
CHARACTERISTIC;ProjectName;Project Name;3;;KEY;STRING;
CHARACTERISTIC;ProjectPhase;Project Phase;4;;KEY;STRING;
CHARACTERISTIC;ProjectType;Project Type;5;;KEY;STRING;
CHARACTERISTIC;DeliveryUnit;Delivery Unit;6;;KEY;STRING;
CHARACTERISTIC;ReleaseDate;Release Date;7;;KEY;STRING;
CHARACTERISTIC;ProjectLead;Project Lead;8;;KEY;STRING;
CHARACTERISTIC;ProjectContact;Project Contact;9;;KEY;STRING;
CHARACTERISTIC;Status;Status;10;;KEY;STRING;
"<<END OF ROLESUPPORT>>"
"<<BEGIN OF FORMAT SETTINGS>>"
"TYPE";"VALUE"
"GROUP SEPARATOR";","
"DECIMAL SEPARATOR";"."
"DATE FORMAT";"DD.MM.YYYY"
"DATE TIME FORMAT";"M/d/yy h:mm a"
"STANDARD TIMEZONE";"GMT"
"<<END OF FORMAT SETTINGS>>"
"<<END OF METADATA>>"
