Counter;ProjectCategory;ProjectName;ProjectPhase;ProjectType;DeliveryUnit;ReleaseDate;ProjectLead;ProjectContact;Status
1;Build;New Strategic Building;Started;Type A;Unit A-97;20160405;Braun, Frank;Bugee, Oliver;Red
1;Delivery;Screen Installation;Process;Type B;Unit M-13;20160305;Kolps, Isabelle;Kolps, Isabelle;Green
1;Delivery;Food Package;Process;Type A;Unit V-82;20160830;Kolps, Isabelle;Bugee, Oliver;Green
1;Service;Clean Sercvice;Finished;Type A;Unit A-97;20160104;Bugee, Oliver;Kolps, Isabelle;Green
1;Service;Electricity Service;Planning;Type C;Unit K-63;20161915;Braun, Frank;Bugee, Oliver;Yellow
