"<<BEGIN OF METADATA>>"
"<<BEGIN OF PROPERTIES>>"
"DESCRIPTION";"QUERY_SIMPLE"
"VERSION";"1"
"<<END OF PROPERTIES>>"
"<<BEGIN OF ROLESUPPORT>>"
"Role";"Name";"Description";"Field";"Referenced Characteristic";"Presentation";"Data Type";"Aggregation Mode"
"CHARACTERISTIC";"0D_NW_PROD__0D_NW_PRDCT";"Product Category";"1";"";"DISPLAY_KEY";"STRING"
"CHARACTERISTIC";"0D_NW_PROD__0D_NW_PRDCT";"Product Category";"2";"";"MIDDLE_TEXT";"STRING"
"CHARACTERISTIC";"0D_NW_PROD__0D_NW_PRDCT";"Product Category";"3";"";"KEY";"UPPER_CASE_STRING"
"CHARACTERISTIC";"0D_NW_PROD__0D_NW_PRDGP";"Product Group";"4";"";"DISPLAY_KEY";"STRING"
"CHARACTERISTIC";"0D_NW_PROD__0D_NW_PRDGP";"Product Group";"5";"";"MIDDLE_TEXT";"STRING"
"CHARACTERISTIC";"0D_NW_PROD__0D_NW_PRDGP";"Product Group";"6";"";"KEY";"UPPER_CASE_STRING"
"CHARACTERISTIC";"0CALMONTH";"Cal. year / month";"7";"";"DISPLAY_KEY";"STRING"
"CHARACTERISTIC";"0CALMONTH";"Cal. year / month";"8";"";"KEY";"UPPER_CASE_STRING"
"KEYFIGURE";"0LNG14FL7XNG1JURU0JHSOLH8";"Profit";"9";"";"VALUE";"DOUBLE";"SUM"
"KEYFIGURE";"0LNG14FL7XNG1JURU0JHSOLH8";"Profit";"10";"";"CURRENCY";"STRING"
"KEYFIGURE";"20GPHCM4E3F12AX6MZ3XOH0DJ";"Costs";"11";"";"VALUE";"DOUBLE";"SUM"
"KEYFIGURE";"20GPHCM4E3F12AX6MZ3XOH0DJ";"Costs";"12";"";"CURRENCY";"STRING"
"KEYFIGURE";"DASM4WPJ52114IVQ5YVWC2J2Y";"Net Value";"13";"";"VALUE";"DOUBLE";"SUM"
"KEYFIGURE";"DASM4WPJ52114IVQ5YVWC2J2Y";"Net Value";"14";"";"CURRENCY";"STRING"
"KEYFIGURE";"0LNG14FL7XNG1KEJH5LO2IYU0";"Open order quantity";"15";"";"VALUE";"DOUBLE";"SUM"
"KEYFIGURE";"0LNG14FL7XNG1KEJH5LO2IYU0";"Open order quantity";"16";"";"UNIT";"STRING"
"KEYFIGURE";"0LNG14FL7XNG1KEJH5LO2J55K";"Open order stat curr";"17";"";"VALUE";"DOUBLE";"SUM"
"KEYFIGURE";"0LNG14FL7XNG1KEJH5LO2J55K";"Open order stat curr";"18";"";"CURRENCY";"STRING"
"KEYFIGURE";"0LNG14FL7XNG1KEJH5LO2JBH4";"Product Costs";"19";"";"VALUE";"DOUBLE";"SUM"
"KEYFIGURE";"0LNG14FL7XNG1KEJH5LO2JBH4";"Product Costs";"20";"";"CURRENCY";"STRING"
"KEYFIGURE";"0LNG14FL7XNG1KEJH5LO2JHSO";"Transport Costs";"21";"";"VALUE";"DOUBLE";"SUM"
"KEYFIGURE";"0LNG14FL7XNG1KEJH5LO2JHSO";"Transport Costs";"22";"";"CURRENCY";"STRING"
"<<END OF ROLESUPPORT>>"
"<<BEGIN OF FORMAT SETTINGS>>"
"TYPE";"VALUE"
"GROUP SEPARATOR";","
"DECIMAL SEPARATOR";"."
"DATE FORMAT";"M/d/yy"
"DATE TIME FORMAT";"M/d/yy h:mm a"
"STANDARD TIMEZONE";"UTC"
"<<END OF FORMAT SETTINGS>>"
"<<END OF METADATA>>"
