"0D_NW_PROD__0D_NW_PRDCT";"0D_NW_PROD__0D_NW_PRDCT";"0D_NW_PROD__0D_NW_PRDCT";"0D_NW_PROD__0D_NW_PRDGP";"0D_NW_PROD__0D_NW_PRDGP";"0D_NW_PROD__0D_NW_PRDGP";"0CALMONTH";"0CALMONTH";"0LNG14FL7XNG1JURU0JHSOLH8";"0LNG14FL7XNG1JURU0JHSOLH8";"20GPHCM4E3F12AX6MZ3XOH0DJ";"20GPHCM4E3F12AX6MZ3XOH0DJ";"DASM4WPJ52114IVQ5YVWC2J2Y";"DASM4WPJ52114IVQ5YVWC2J2Y";"0LNG14FL7XNG1KEJH5LO2IYU0";"0LNG14FL7XNG1KEJH5LO2IYU0";"0LNG14FL7XNG1KEJH5LO2J55K";"0LNG14FL7XNG1KEJH5LO2J55K";"0LNG14FL7XNG1KEJH5LO2JBH4";"0LNG14FL7XNG1KEJH5LO2JBH4";"0LNG14FL7XNG1KEJH5LO2JHSO";"0LNG14FL7XNG1KEJH5LO2JHSO"
"ANDROID";"Android Phones";"ANDROID";"PHONE01";"Cell Phones";"PHONE01";"01.2012";"201201";"255,655,246.66";"$";"5";"$";"708,949,816.00";"$";;;;;;;;
"ANDROID";"Android Phones";"ANDROID";"PHONE01";"Cell Phones";"PHONE01";"02.2012";"201202";"253,629,680.58";"$";"5";"$";"701,411,850.00";"$";;;;;;;;
"ANDROID";"Android Phones";"ANDROID";"PHONE01";"Cell Phones";"PHONE01";"03.2012";"201203";"254,952,637.26";"$";"1";"$";"706,449,863.00";"$";;;;;;;;
"ANDROID";"Android Phones";"ANDROID";"PHONE01";"Cell Phones";"PHONE01";"04.2012";"201204";"253,855,999.12";"$";"9";"$";"702,122,489.00";"$";;;;;;;;
"ANDROID";"Android Phones";"ANDROID";"PHONE01";"Cell Phones";"PHONE01";"05.2012";"201205";"254,659,679.12";"$";"8";"$";"706,397,926.00";"$";;;;;;;;
"ANDROID";"Android Phones";"ANDROID";"PHONE01";"Cell Phones";"PHONE01";"06.2012";"201206";"254,659,679.12";"$";"2";"$";"706,397,926.00";"$";;;;;;;;
"ANDROID";"Android Phones";"ANDROID";"PHONE01";"Cell Phones";"PHONE01";"07.2012";"201207";"254,659,679.12";"$";"2";"$";"706,397,926.00";"$";;;;;;;;
"ANDROID";"Android Phones";"ANDROID";"PHONE01";"Cell Phones";"PHONE01";"08.2012";"201208";"254,659,679.12";"$";"2";"$";"706,397,926.00";"$";;;;;;;;
