<?xml version="1.0" encoding="UTF-8" standalone="no"?><BICS_VIEW><MODULES/><INFO_PROVIDER name="0D_NW_M01"/><QUERY name="QUERY_SIMPLE"><DUE_DATE>20151103</DUE_DATE></QUERY><VARIABLES/><SELECTION_SPACE_SORTING type="OBJECT_LIST"><OBJECT_LIST/></SELECTION_SPACE_SORTING><SELECTION_STATE_SORTING type="OBJECT_LIST"><OBJECT_LIST><OBJECT>0D_NW_CNTRY</OBJECT><OBJECT>0D_NW_SORG</OBJECT><OBJECT>0D_NW_SOLD</OBJECT><OBJECT>0D_NW_PROD__0D_NW_PRDCT</OBJECT><OBJECT>0D_NW_PROD__0D_NW_PRDGP</OBJECT><OBJECT>0D_NW_PROD</OBJECT><OBJECT>0CALMONTH</OBJECT><OBJECT>0D_NW_CHANN</OBJECT><OBJECT>0D_NW_DIV</OBJECT><OBJECT>0D_NW_SGRP</OBJECT><OBJECT>KEYFIGURES</OBJECT><OBJECT>0D_NW_REGIO</OBJECT></OBJECT_LIST></SELECTION_STATE_SORTING><SELECTION_STATE><SELECTION type="CARTESIAN_PRODUCT"><CHARACTERISTICS><CHARACTERISTIC name="0D_NW_CNTRY"><SELECTIONS/></CHARACTERISTIC><CHARACTERISTIC name="0D_NW_SORG"><SELECTIONS/></CHARACTERISTIC><CHARACTERISTIC name="0D_NW_SOLD"><SELECTIONS/></CHARACTERISTIC><CHARACTERISTIC name="0D_NW_PROD__0D_NW_PRDCT"><SELECTIONS/></CHARACTERISTIC><CHARACTERISTIC name="0D_NW_PROD__0D_NW_PRDGP"><SELECTIONS/></CHARACTERISTIC><CHARACTERISTIC name="0D_NW_PROD"><SELECTIONS/></CHARACTERISTIC><CHARACTERISTIC name="0CALMONTH"><SELECTIONS/></CHARACTERISTIC><CHARACTERISTIC name="0D_NW_CHANN"><SELECTIONS/></CHARACTERISTIC><CHARACTERISTIC name="0D_NW_DIV"><SELECTIONS/></CHARACTERISTIC><CHARACTERISTIC name="0D_NW_SGRP"><SELECTIONS/></CHARACTERISTIC><CHARACTERISTIC name="KEYFIGURES"><SELECTIONS><SELECTION operator="EQUAL" type="RANGE"><SIGN>EXCLUDING</SIGN><VALUE><MEMBER name="0LNG14FL7XNG1KEJH5LO2J55K" type="MEMBER"/></VALUE></SELECTION><SELECTION operator="EQUAL" type="RANGE"><SIGN>EXCLUDING</SIGN><VALUE><MEMBER name="0LNG14FL7XNG1KEJH5LO2JHSO" type="MEMBER"/></VALUE></SELECTION><SELECTION operator="EQUAL" type="RANGE"><SIGN>EXCLUDING</SIGN><VALUE><MEMBER name="0LNG14FL7XNG1KEJH5LO2JBH4" type="MEMBER"/></VALUE></SELECTION><SELECTION operator="EQUAL" type="RANGE"><SIGN>EXCLUDING</SIGN><VALUE><MEMBER name="0LNG14FL7XNG1KEJH5LO2IYU0" type="MEMBER"/></VALUE></SELECTION></SELECTIONS></CHARACTERISTIC><CHARACTERISTIC name="0D_NW_REGIO"><SELECTIONS/></CHARACTERISTIC></CHARACTERISTICS></SELECTION></SELECTION_STATE><CHARACTERISTICS><CHARACTERISTIC name="0D_NW_CNTRY"><VISUALIZATION_LEVEL>DEFAULT</VISUALIZATION_LEVEL><MEMBER_ACCESS mode="BOOKED_VALUES"><PRESENTATIONS><PRESENTATION>DISPLAY_KEY</PRESENTATION><PRESENTATION>MIDDLE_TEXT</PRESENTATION></PRESENTATIONS><SORTING type="DEFAULT"><PREDEFINED_MEMBERS_ORDER/><DIRECTION>ASCENDING</DIRECTION></SORTING></MEMBER_ACCESS><SELECTION><PRESENTATIONS binding="MEMBER_ACCESS"/></SELECTION><CUSTOM_PARAMETERS/><HIERARCHY dueDate="00000000" name=""/><RESULT_SET mode="BOOKED_VALUES"><RESULT_VISIBILITY>HIDDEN</RESULT_VISIBILITY><PRESENTATIONS binding="MEMBER_ACCESS"><PRESENTATION>DISPLAY_KEY</PRESENTATION><PRESENTATION>MIDDLE_TEXT</PRESENTATION></PRESENTATIONS><SORTING type="DEFAULT"><PREDEFINED_MEMBERS_ORDER/><DIRECTION>ASCENDING</DIRECTION></SORTING></RESULT_SET></CHARACTERISTIC><CHARACTERISTIC name="0D_NW_SORG"><VISUALIZATION_LEVEL>DEFAULT</VISUALIZATION_LEVEL><ATTRIBUTES><ATTRIBUTE name="0D_NW_CNTRY"><VISUALIZATION_LEVEL>DEFAULT</VISUALIZATION_LEVEL><MEMBER_ACCESS><PRESENTATIONS><PRESENTATION>DISPLAY_KEY</PRESENTATION><PRESENTATION>MIDDLE_TEXT</PRESENTATION></PRESENTATIONS><SORTING type="DEFAULT"><PREDEFINED_MEMBERS_ORDER/><DIRECTION>ASCENDING</DIRECTION></SORTING></MEMBER_ACCESS><SELECTION><PRESENTATIONS binding="MEMBER_ACCESS"/></SELECTION><CUSTOM_PARAMETERS/><RESULT_SET><PRESENTATIONS><PRESENTATION>DISPLAY_KEY</PRESENTATION><PRESENTATION>MIDDLE_TEXT</PRESENTATION></PRESENTATIONS><ATTRIBUTES/></RESULT_SET></ATTRIBUTE></ATTRIBUTES><MEMBER_ACCESS mode="BOOKED_VALUES"><PRESENTATIONS><PRESENTATION>DISPLAY_KEY</PRESENTATION><PRESENTATION>MIDDLE_TEXT</PRESENTATION></PRESENTATIONS><ATTRIBUTES><ATTRIBUTE>0D_NW_CNTRY</ATTRIBUTE></ATTRIBUTES><SORTING type="DEFAULT"><PREDEFINED_MEMBERS_ORDER/><DIRECTION>ASCENDING</DIRECTION></SORTING></MEMBER_ACCESS><SELECTION><PRESENTATIONS binding="MEMBER_ACCESS"/><ATTRIBUTES/></SELECTION><CUSTOM_PARAMETERS/><HIERARCHY dueDate="00000000" name=""/><RESULT_SET mode="BOOKED_VALUES"><RESULT_VISIBILITY>HIDDEN</RESULT_VISIBILITY><PRESENTATIONS binding="MEMBER_ACCESS"><PRESENTATION>DISPLAY_KEY</PRESENTATION><PRESENTATION>MIDDLE_TEXT</PRESENTATION></PRESENTATIONS><ATTRIBUTES/><SORTING type="DEFAULT"><PREDEFINED_MEMBERS_ORDER/><DIRECTION>ASCENDING</DIRECTION></SORTING></RESULT_SET></CHARACTERISTIC><CHARACTERISTIC name="0D_NW_SOLD"><VISUALIZATION_LEVEL>DEFAULT</VISUALIZATION_LEVEL><ATTRIBUTES><ATTRIBUTE name="0D_NW_CNTRY"><VISUALIZATION_LEVEL>DEFAULT</VISUALIZATION_LEVEL><MEMBER_ACCESS><PRESENTATIONS><PRESENTATION>DISPLAY_KEY</PRESENTATION><PRESENTATION>MIDDLE_TEXT</PRESENTATION></PRESENTATIONS><SORTING type="DEFAULT"><PREDEFINED_MEMBERS_ORDER/><DIRECTION>ASCENDING</DIRECTION></SORTING></MEMBER_ACCESS><SELECTION><PRESENTATIONS binding="MEMBER_ACCESS"/></SELECTION><CUSTOM_PARAMETERS/><RESULT_SET><PRESENTATIONS><PRESENTATION>DISPLAY_KEY</PRESENTATION><PRESENTATION>MIDDLE_TEXT</PRESENTATION></PRESENTATIONS><ATTRIBUTES/></RESULT_SET></ATTRIBUTE><ATTRIBUTE name="0D_NW_IND"><VISUALIZATION_LEVEL>DEFAULT</VISUALIZATION_LEVEL><MEMBER_ACCESS><PRESENTATIONS><PRESENTATION>DISPLAY_KEY</PRESENTATION></PRESENTATIONS><SORTING type="DEFAULT"><PREDEFINED_MEMBERS_ORDER/><DIRECTION>ASCENDING</DIRECTION></SORTING></MEMBER_ACCESS><SELECTION><PRESENTATIONS binding="MEMBER_ACCESS"/></SELECTION><CUSTOM_PARAMETERS/><RESULT_SET><PRESENTATIONS><PRESENTATION>DISPLAY_KEY</PRESENTATION></PRESENTATIONS><ATTRIBUTES/></RESULT_SET></ATTRIBUTE></ATTRIBUTES><MEMBER_ACCESS mode="MASTER_DATA"><PRESENTATIONS><PRESENTATION>DISPLAY_KEY</PRESENTATION><PRESENTATION>TEXT</PRESENTATION></PRESENTATIONS><ATTRIBUTES/><SORTING type="DEFAULT"><PREDEFINED_MEMBERS_ORDER/><DIRECTION>ASCENDING</DIRECTION></SORTING></MEMBER_ACCESS><SELECTION><PRESENTATIONS binding="MEMBER_ACCESS"/><ATTRIBUTES/></SELECTION><CUSTOM_PARAMETERS/><HIERARCHY dueDate="00000000" name=""/><RESULT_SET mode="BOOKED_VALUES"><RESULT_VISIBILITY>HIDDEN</RESULT_VISIBILITY><PRESENTATIONS binding="MEMBER_ACCESS"><PRESENTATION>DISPLAY_KEY</PRESENTATION><PRESENTATION>TEXT</PRESENTATION></PRESENTATIONS><ATTRIBUTES/><SORTING type="DEFAULT"><PREDEFINED_MEMBERS_ORDER/><DIRECTION>ASCENDING</DIRECTION></SORTING></RESULT_SET></CHARACTERISTIC><CHARACTERISTIC name="0D_NW_PROD__0D_NW_PRDCT"><VISUALIZATION_LEVEL>DEFAULT</VISUALIZATION_LEVEL><MEMBER_ACCESS mode="BOOKED_VALUES"><PRESENTATIONS><PRESENTATION>DISPLAY_KEY</PRESENTATION><PRESENTATION>MIDDLE_TEXT</PRESENTATION></PRESENTATIONS><SORTING type="DEFAULT"><PREDEFINED_MEMBERS_ORDER/><DIRECTION>ASCENDING</DIRECTION></SORTING></MEMBER_ACCESS><SELECTION><PRESENTATIONS binding="MEMBER_ACCESS"/></SELECTION><CUSTOM_PARAMETERS/><HIERARCHY dueDate="00000000" name=""/><RESULT_SET mode="BOOKED_VALUES"><RESULT_VISIBILITY>HIDDEN</RESULT_VISIBILITY><PRESENTATIONS binding="MEMBER_ACCESS"><PRESENTATION>DISPLAY_KEY</PRESENTATION><PRESENTATION>MIDDLE_TEXT</PRESENTATION></PRESENTATIONS><SORTING type="DEFAULT"><PREDEFINED_MEMBERS_ORDER/><DIRECTION>ASCENDING</DIRECTION></SORTING></RESULT_SET></CHARACTERISTIC><CHARACTERISTIC name="0D_NW_PROD"><VISUALIZATION_LEVEL>DEFAULT</VISUALIZATION_LEVEL><ATTRIBUTES><ATTRIBUTE name="0D_NW_PRDCT"><VISUALIZATION_LEVEL>DEFAULT</VISUALIZATION_LEVEL><MEMBER_ACCESS><PRESENTATIONS><PRESENTATION>DISPLAY_KEY</PRESENTATION></PRESENTATIONS><SORTING type="DEFAULT"><PREDEFINED_MEMBERS_ORDER/><DIRECTION>ASCENDING</DIRECTION></SORTING></MEMBER_ACCESS><SELECTION><PRESENTATIONS binding="MEMBER_ACCESS"/></SELECTION><CUSTOM_PARAMETERS/><RESULT_SET><PRESENTATIONS><PRESENTATION>DISPLAY_KEY</PRESENTATION></PRESENTATIONS><ATTRIBUTES/></RESULT_SET></ATTRIBUTE><ATTRIBUTE name="0D_NW_PRDGP"><VISUALIZATION_LEVEL>DEFAULT</VISUALIZATION_LEVEL><MEMBER_ACCESS><PRESENTATIONS><PRESENTATION>DISPLAY_KEY</PRESENTATION></PRESENTATIONS><SORTING type="DEFAULT"><PREDEFINED_MEMBERS_ORDER/><DIRECTION>ASCENDING</DIRECTION></SORTING></MEMBER_ACCESS><SELECTION><PRESENTATIONS binding="MEMBER_ACCESS"/></SELECTION><CUSTOM_PARAMETERS/><RESULT_SET><PRESENTATIONS><PRESENTATION>DISPLAY_KEY</PRESENTATION></PRESENTATIONS><ATTRIBUTES/></RESULT_SET></ATTRIBUTE></ATTRIBUTES><MEMBER_ACCESS mode="BOOKED_VALUES"><PRESENTATIONS><PRESENTATION>DISPLAY_KEY</PRESENTATION><PRESENTATION>MIDDLE_TEXT</PRESENTATION></PRESENTATIONS><ATTRIBUTES><ATTRIBUTE>0D_NW_PRDCT</ATTRIBUTE><ATTRIBUTE>0D_NW_PRDGP</ATTRIBUTE></ATTRIBUTES><SORTING type="DEFAULT"><PREDEFINED_MEMBERS_ORDER/><DIRECTION>ASCENDING</DIRECTION></SORTING></MEMBER_ACCESS><SELECTION><PRESENTATIONS binding="MEMBER_ACCESS"/><ATTRIBUTES/></SELECTION><CUSTOM_PARAMETERS/><HIERARCHY dueDate="00000000" name="PRODUCT_HIERARCHY_01"><ACTIVE>true</ACTIVE><DRILL_LEVEL>1</DRILL_LEVEL><NODE_ALIGNMENT>TOP</NODE_ALIGNMENT><NODE_CONDENSATION>false</NODE_CONDENSATION><MEMBERS visible="true"/><POSTED_NODES_MEMBER_VISIBILITY>VISIBLE</POSTED_NODES_MEMBER_VISIBILITY><NODE_TYPES><NODE_TYPE name="0D_NW_PROD" visible="true"><VISUALIZATION_LEVEL>DEFAULT</VISUALIZATION_LEVEL><MEMBER_ACCESS><PRESENTATIONS><PRESENTATION>DISPLAY_KEY</PRESENTATION><PRESENTATION>MIDDLE_TEXT</PRESENTATION></PRESENTATIONS><ATTRIBUTES><ATTRIBUTE>0D_NW_PRDCT</ATTRIBUTE><ATTRIBUTE>0D_NW_PRDGP</ATTRIBUTE></ATTRIBUTES><SORTING type="MEMBERS"><PREDEFINED_MEMBERS_ORDER/><PRESENTATION>DISPLAY_KEY</PRESENTATION><DIRECTION>ASCENDING</DIRECTION></SORTING></MEMBER_ACCESS><SELECTION><PRESENTATIONS binding="MEMBER_ACCESS"/><ATTRIBUTES/></SELECTION><CUSTOM_PARAMETERS/><RESULT_SET><PRESENTATIONS binding="MEMBER_ACCESS"><PRESENTATION>DISPLAY_KEY</PRESENTATION><PRESENTATION>MIDDLE_TEXT</PRESENTATION></PRESENTATIONS><ATTRIBUTES binding="MEMBER_ACCESS"/></RESULT_SET></NODE_TYPE><NODE_TYPE name="0HIER_NODE" visible="true"><VISUALIZATION_LEVEL>DEFAULT</VISUALIZATION_LEVEL><MEMBER_ACCESS><PRESENTATIONS><PRESENTATION>DISPLAY_KEY</PRESENTATION><PRESENTATION>MIDDLE_TEXT</PRESENTATION></PRESENTATIONS><SORTING type="MEMBERS"><PREDEFINED_MEMBERS_ORDER/><PRESENTATION>TEXT</PRESENTATION><DIRECTION>ASCENDING</DIRECTION></SORTING></MEMBER_ACCESS><SELECTION><PRESENTATIONS binding="MEMBER_ACCESS"/></SELECTION><CUSTOM_PARAMETERS/><RESULT_SET><PRESENTATIONS binding="MEMBER_ACCESS"><PRESENTATION>DISPLAY_KEY</PRESENTATION><PRESENTATION>MIDDLE_TEXT</PRESENTATION></PRESENTATIONS></RESULT_SET></NODE_TYPE></NODE_TYPES><MEMBER_ACCESS mode="BOOKED_VALUES"><ATTRIBUTES/></MEMBER_ACCESS><LEVELS><LEVEL index="0" visible="true"/><LEVEL index="1" visible="true"/><LEVEL index="2" visible="true"/><LEVEL index="3" visible="true"/></LEVELS><CUSTOM_PARAMETERS/><RESULT_SET breakHierarchy="false"><RESULT_SET_SELECTION_MODE>SELECTED_NODES</RESULT_SET_SELECTION_MODE><SORTING type="HIERARCHY"><PREDEFINED_MEMBERS_ORDER/><DIRECTION>ASCENDING</DIRECTION></SORTING></RESULT_SET></HIERARCHY><RESULT_SET mode="BOOKED_VALUES"><RESULT_VISIBILITY>HIDDEN</RESULT_VISIBILITY><PRESENTATIONS binding="MEMBER_ACCESS"><PRESENTATION>DISPLAY_KEY</PRESENTATION><PRESENTATION>MIDDLE_TEXT</PRESENTATION></PRESENTATIONS><ATTRIBUTES/><SORTING type="DEFAULT"><PREDEFINED_MEMBERS_ORDER/><DIRECTION>ASCENDING</DIRECTION></SORTING></RESULT_SET></CHARACTERISTIC><CHARACTERISTIC name="0CALMONTH"><VISUALIZATION_LEVEL>DEFAULT</VISUALIZATION_LEVEL><MEMBER_ACCESS mode="BOOKED_VALUES"><PRESENTATIONS><PRESENTATION>DISPLAY_KEY</PRESENTATION></PRESENTATIONS><SORTING type="MEMBERS"><PREDEFINED_MEMBERS_ORDER/><PRESENTATION>DISPLAY_KEY</PRESENTATION><DIRECTION>ASCENDING</DIRECTION></SORTING></MEMBER_ACCESS><SELECTION><PRESENTATIONS binding="MEMBER_ACCESS"/></SELECTION><CUSTOM_PARAMETERS/><HIERARCHY dueDate="00000000" name=""/><RESULT_SET mode="BOOKED_VALUES"><RESULT_VISIBILITY>HIDDEN</RESULT_VISIBILITY><PRESENTATIONS binding="MEMBER_ACCESS"><PRESENTATION>DISPLAY_KEY</PRESENTATION></PRESENTATIONS><SORTING type="MEMBERS"><PREDEFINED_MEMBERS_ORDER/><PRESENTATION>DISPLAY_KEY</PRESENTATION><DIRECTION>ASCENDING</DIRECTION></SORTING></RESULT_SET></CHARACTERISTIC><CHARACTERISTIC name="0D_NW_CHANN"><VISUALIZATION_LEVEL>DEFAULT</VISUALIZATION_LEVEL><MEMBER_ACCESS mode="BOOKED_VALUES"><PRESENTATIONS><PRESENTATION>DISPLAY_KEY</PRESENTATION><PRESENTATION>MIDDLE_TEXT</PRESENTATION></PRESENTATIONS><SORTING type="DEFAULT"><PREDEFINED_MEMBERS_ORDER/><DIRECTION>ASCENDING</DIRECTION></SORTING></MEMBER_ACCESS><SELECTION><PRESENTATIONS binding="MEMBER_ACCESS"/></SELECTION><CUSTOM_PARAMETERS/><HIERARCHY dueDate="00000000" name=""/><RESULT_SET mode="BOOKED_VALUES"><RESULT_VISIBILITY>HIDDEN</RESULT_VISIBILITY><PRESENTATIONS binding="MEMBER_ACCESS"><PRESENTATION>DISPLAY_KEY</PRESENTATION><PRESENTATION>MIDDLE_TEXT</PRESENTATION></PRESENTATIONS><SORTING type="DEFAULT"><PREDEFINED_MEMBERS_ORDER/><DIRECTION>ASCENDING</DIRECTION></SORTING></RESULT_SET></CHARACTERISTIC><CHARACTERISTIC name="0D_NW_DIV"><VISUALIZATION_LEVEL>DEFAULT</VISUALIZATION_LEVEL><MEMBER_ACCESS mode="BOOKED_VALUES"><PRESENTATIONS><PRESENTATION>DISPLAY_KEY</PRESENTATION><PRESENTATION>TEXT</PRESENTATION></PRESENTATIONS><SORTING type="DEFAULT"><PREDEFINED_MEMBERS_ORDER/><DIRECTION>ASCENDING</DIRECTION></SORTING></MEMBER_ACCESS><SELECTION><PRESENTATIONS binding="MEMBER_ACCESS"/></SELECTION><CUSTOM_PARAMETERS/><HIERARCHY dueDate="00000000" name=""/><RESULT_SET mode="BOOKED_VALUES"><RESULT_VISIBILITY>VISIBLE</RESULT_VISIBILITY><PRESENTATIONS binding="MEMBER_ACCESS"><PRESENTATION>DISPLAY_KEY</PRESENTATION><PRESENTATION>TEXT</PRESENTATION></PRESENTATIONS><SORTING type="DEFAULT"><PREDEFINED_MEMBERS_ORDER/><DIRECTION>ASCENDING</DIRECTION></SORTING></RESULT_SET></CHARACTERISTIC><CHARACTERISTIC name="0D_NW_SGRP"><VISUALIZATION_LEVEL>DEFAULT</VISUALIZATION_LEVEL><MEMBER_ACCESS mode="BOOKED_VALUES"><PRESENTATIONS><PRESENTATION>DISPLAY_KEY</PRESENTATION></PRESENTATIONS><SORTING type="DEFAULT"><PREDEFINED_MEMBERS_ORDER/><DIRECTION>ASCENDING</DIRECTION></SORTING></MEMBER_ACCESS><SELECTION><PRESENTATIONS binding="MEMBER_ACCESS"/></SELECTION><CUSTOM_PARAMETERS/><HIERARCHY dueDate="00000000" name=""/><RESULT_SET mode="BOOKED_VALUES"><RESULT_VISIBILITY>VISIBLE</RESULT_VISIBILITY><PRESENTATIONS binding="MEMBER_ACCESS"><PRESENTATION>DISPLAY_KEY</PRESENTATION></PRESENTATIONS><SORTING type="DEFAULT"><PREDEFINED_MEMBERS_ORDER/><DIRECTION>ASCENDING</DIRECTION></SORTING></RESULT_SET></CHARACTERISTIC><CHARACTERISTIC name="0D_NW_REGIO"><VISUALIZATION_LEVEL>DEFAULT</VISUALIZATION_LEVEL><MEMBER_ACCESS mode="BOOKED_VALUES"><PRESENTATIONS><PRESENTATION>DISPLAY_KEY_MIXED_COMPOUNDMENT</PRESENTATION></PRESENTATIONS><SORTING type="DEFAULT"><PREDEFINED_MEMBERS_ORDER/><DIRECTION>ASCENDING</DIRECTION></SORTING></MEMBER_ACCESS><SELECTION><PRESENTATIONS binding="MEMBER_ACCESS"/></SELECTION><CUSTOM_PARAMETERS/><HIERARCHY dueDate="00000000" name=""/><RESULT_SET mode="BOOKED_VALUES"><RESULT_VISIBILITY>VISIBLE</RESULT_VISIBILITY><PRESENTATIONS binding="MEMBER_ACCESS"><PRESENTATION>DISPLAY_KEY_MIXED_COMPOUNDMENT</PRESENTATION></PRESENTATIONS><SORTING type="DEFAULT"><PREDEFINED_MEMBERS_ORDER/><DIRECTION>ASCENDING</DIRECTION></SORTING></RESULT_SET></CHARACTERISTIC><CHARACTERISTIC name="KEYFIGURES"><VISUALIZATION_LEVEL>DEFAULT</VISUALIZATION_LEVEL><MEMBER_ACCESS><PRESENTATIONS><PRESENTATION>TEXT</PRESENTATION></PRESENTATIONS><SORTING type="DEFAULT"><PREDEFINED_MEMBERS_ORDER/><DIRECTION>ASCENDING</DIRECTION></SORTING></MEMBER_ACCESS><SELECTION><PRESENTATIONS binding="MEMBER_ACCESS"/></SELECTION><CUSTOM_PARAMETERS/><HIERARCHY dueDate="00000000" name=""/><RESULT_SET><RESULT_VISIBILITY>HIDDEN</RESULT_VISIBILITY><PRESENTATIONS binding="MEMBER_ACCESS"><PRESENTATION>TEXT</PRESENTATION></PRESENTATIONS><SORTING type="DEFAULT"><PREDEFINED_MEMBERS_ORDER/><DIRECTION>ASCENDING</DIRECTION></SORTING></RESULT_SET><FORMULA_MEMBERS/><CONTAINS_KEYFIGURES>true</CONTAINS_KEYFIGURES><ZERO_SUPPRESSION_GROUPING>true</ZERO_SUPPRESSION_GROUPING></CHARACTERISTIC><CHARACTERISTIC name="0D_NW_PROD__0D_NW_PRDGP"><VISUALIZATION_LEVEL>DEFAULT</VISUALIZATION_LEVEL><MEMBER_ACCESS mode="BOOKED_VALUES"><PRESENTATIONS><PRESENTATION>DISPLAY_KEY</PRESENTATION><PRESENTATION>MIDDLE_TEXT</PRESENTATION></PRESENTATIONS><SORTING type="DEFAULT"><PREDEFINED_MEMBERS_ORDER/><DIRECTION>ASCENDING</DIRECTION></SORTING></MEMBER_ACCESS><SELECTION><PRESENTATIONS binding="MEMBER_ACCESS"/></SELECTION><CUSTOM_PARAMETERS/><HIERARCHY dueDate="00000000" name=""/><RESULT_SET mode="BOOKED_VALUES"><RESULT_VISIBILITY>HIDDEN</RESULT_VISIBILITY><PRESENTATIONS binding="MEMBER_ACCESS"><PRESENTATION>DISPLAY_KEY</PRESENTATION><PRESENTATION>MIDDLE_TEXT</PRESENTATION></PRESENTATIONS><SORTING type="DEFAULT"><PREDEFINED_MEMBERS_ORDER/><DIRECTION>ASCENDING</DIRECTION></SORTING></RESULT_SET></CHARACTERISTIC></CHARACTERISTICS><CUSTOM_PARAMETERS/><DRILL_DOWN_CHARACTERISTICS_SORTING type="OBJECT_LIST"><OBJECT_LIST><OBJECT>0D_NW_CNTRY</OBJECT><OBJECT>0D_NW_SORG</OBJECT><OBJECT>0D_NW_SOLD</OBJECT><OBJECT>0D_NW_PROD__0D_NW_PRDCT</OBJECT><OBJECT>0D_NW_PROD__0D_NW_PRDGP</OBJECT><OBJECT>0D_NW_PROD</OBJECT><OBJECT>0CALMONTH</OBJECT><OBJECT>0D_NW_CHANN</OBJECT><OBJECT>0D_NW_DIV</OBJECT><OBJECT>0D_NW_SGRP</OBJECT><OBJECT>KEYFIGURES</OBJECT><OBJECT>0D_NW_REGIO</OBJECT></OBJECT_LIST></DRILL_DOWN_CHARACTERISTICS_SORTING><VISUAL_SELECTION_STATE_FOR_RESULT_SET><SELECTION type="CARTESIAN_PRODUCT"><CHARACTERISTICS><CHARACTERISTIC name="0D_NW_CNTRY"><SELECTIONS/></CHARACTERISTIC><CHARACTERISTIC name="0D_NW_SORG"><SELECTIONS/></CHARACTERISTIC><CHARACTERISTIC name="0D_NW_SOLD"><SELECTIONS/></CHARACTERISTIC><CHARACTERISTIC name="0D_NW_PROD__0D_NW_PRDCT"><SELECTIONS/></CHARACTERISTIC><CHARACTERISTIC name="0D_NW_PROD__0D_NW_PRDGP"><SELECTIONS/></CHARACTERISTIC><CHARACTERISTIC name="0D_NW_PROD"><SELECTIONS/></CHARACTERISTIC><CHARACTERISTIC name="0CALMONTH"><SELECTIONS/></CHARACTERISTIC><CHARACTERISTIC name="0D_NW_CHANN"><SELECTIONS/></CHARACTERISTIC><CHARACTERISTIC name="0D_NW_DIV"><SELECTIONS/></CHARACTERISTIC><CHARACTERISTIC name="0D_NW_SGRP"><SELECTIONS/></CHARACTERISTIC><CHARACTERISTIC name="KEYFIGURES"><SELECTIONS/></CHARACTERISTIC><CHARACTERISTIC name="0D_NW_REGIO"><SELECTIONS/></CHARACTERISTIC></CHARACTERISTICS></SELECTION></VISUAL_SELECTION_STATE_FOR_RESULT_SET><AXES><AXIS name="ROWS"><HIERARCHY><ACTIVE>false</ACTIVE><DRILL_LEVEL>0</DRILL_LEVEL></HIERARCHY><SYMMETRIC_DRILL_MODE>false</SYMMETRIC_DRILL_MODE><RESULT_POSITION>TOP</RESULT_POSITION><ZERO_SUPPRESSION_MODE>NONE</ZERO_SUPPRESSION_MODE><ZERO_SUPPRESSION_ON_DATA_ENTRY_ENABLED_DATA_CELLS>true</ZERO_SUPPRESSION_ON_DATA_ENTRY_ENABLED_DATA_CELLS><CHARACTERISTICS><CHARACTERISTIC>0D_NW_PROD__0D_NW_PRDGP</CHARACTERISTIC><CHARACTERISTIC>0D_NW_PROD__0D_NW_PRDCT</CHARACTERISTIC><CHARACTERISTIC>0CALMONTH</CHARACTERISTIC></CHARACTERISTICS><CUSTOM_PARAMETERS/></AXIS><AXIS name="COLUMNS"><HIERARCHY><ACTIVE>false</ACTIVE><DRILL_LEVEL>0</DRILL_LEVEL></HIERARCHY><SYMMETRIC_DRILL_MODE>false</SYMMETRIC_DRILL_MODE><RESULT_POSITION>TOP</RESULT_POSITION><ZERO_SUPPRESSION_MODE>NONE</ZERO_SUPPRESSION_MODE><ZERO_SUPPRESSION_ON_DATA_ENTRY_ENABLED_DATA_CELLS>true</ZERO_SUPPRESSION_ON_DATA_ENTRY_ENABLED_DATA_CELLS><CHARACTERISTICS><CHARACTERISTIC>KEYFIGURES</CHARACTERISTIC></CHARACTERISTICS><CUSTOM_PARAMETERS/></AXIS><AXIS name="FREE"><HIERARCHY><ACTIVE>false</ACTIVE><DRILL_LEVEL>0</DRILL_LEVEL></HIERARCHY><SYMMETRIC_DRILL_MODE>false</SYMMETRIC_DRILL_MODE><RESULT_POSITION>BOTTOM</RESULT_POSITION><ZERO_SUPPRESSION_MODE>NONE</ZERO_SUPPRESSION_MODE><ZERO_SUPPRESSION_ON_DATA_ENTRY_ENABLED_DATA_CELLS>true</ZERO_SUPPRESSION_ON_DATA_ENTRY_ENABLED_DATA_CELLS><CHARACTERISTICS><CHARACTERISTIC>0D_NW_CNTRY</CHARACTERISTIC><CHARACTERISTIC>0D_NW_SORG</CHARACTERISTIC><CHARACTERISTIC>0D_NW_SOLD</CHARACTERISTIC><CHARACTERISTIC>0D_NW_PROD</CHARACTERISTIC><CHARACTERISTIC>0D_NW_CHANN</CHARACTERISTIC><CHARACTERISTIC>0D_NW_DIV</CHARACTERISTIC><CHARACTERISTIC>0D_NW_SGRP</CHARACTERISTIC><CHARACTERISTIC>0D_NW_REGIO</CHARACTERISTIC></CHARACTERISTICS><CUSTOM_PARAMETERS/></AXIS></AXES><DATA_CELLS signPresentation="BEFORE_NUMBER" zeroPresentation="NORMAL"><DATA_CELL><MEMBERS><MEMBER characteristic="KEYFIGURES" name="0LNG14FL7XNG1JURU0JHSOLH8"/></MEMBERS><DECIMALS>-1</DECIMALS><SCALING_FACTOR>-1</SCALING_FACTOR><EMPHASIZED>false</EMPHASIZED><SIGN_REVERSAL>false</SIGN_REVERSAL><DETAIL_CALCULATION>NONE</DETAIL_CALCULATION><DETAIL_CALCULATION_DIRECTION>DEFAULT</DETAIL_CALCULATION_DIRECTION><CUMULATION>false</CUMULATION><APPLY_DETAIL_CALCULATION_TO_RESULTS>false</APPLY_DETAIL_CALCULATION_TO_RESULTS><APPLY_FORMER_DETAIL_CALCULATION_TO_RESULTS>false</APPLY_FORMER_DETAIL_CALCULATION_TO_RESULTS><RESULT_CALCULATION>NONE</RESULT_CALCULATION><DISAGGR_MODE>-1</DISAGGR_MODE><DISAGGR_KID>-1</DISAGGR_KID><CUSTOM_PARAMETERS/></DATA_CELL><DATA_CELL><MEMBERS><MEMBER characteristic="KEYFIGURES" name="0LNG14FL7XNG1KEJH5LO2IYU0"/></MEMBERS><DECIMALS>-1</DECIMALS><SCALING_FACTOR>-1</SCALING_FACTOR><EMPHASIZED>false</EMPHASIZED><SIGN_REVERSAL>false</SIGN_REVERSAL><DETAIL_CALCULATION>NONE</DETAIL_CALCULATION><DETAIL_CALCULATION_DIRECTION>DEFAULT</DETAIL_CALCULATION_DIRECTION><CUMULATION>false</CUMULATION><APPLY_DETAIL_CALCULATION_TO_RESULTS>false</APPLY_DETAIL_CALCULATION_TO_RESULTS><APPLY_FORMER_DETAIL_CALCULATION_TO_RESULTS>false</APPLY_FORMER_DETAIL_CALCULATION_TO_RESULTS><RESULT_CALCULATION>NONE</RESULT_CALCULATION><DISAGGR_MODE>-1</DISAGGR_MODE><DISAGGR_KID>-1</DISAGGR_KID><CUSTOM_PARAMETERS/></DATA_CELL><DATA_CELL><MEMBERS><MEMBER characteristic="KEYFIGURES" name="0LNG14FL7XNG1KEJH5LO2J55K"/></MEMBERS><DECIMALS>-1</DECIMALS><SCALING_FACTOR>-1</SCALING_FACTOR><EMPHASIZED>false</EMPHASIZED><SIGN_REVERSAL>false</SIGN_REVERSAL><DETAIL_CALCULATION>NONE</DETAIL_CALCULATION><DETAIL_CALCULATION_DIRECTION>DEFAULT</DETAIL_CALCULATION_DIRECTION><CUMULATION>false</CUMULATION><APPLY_DETAIL_CALCULATION_TO_RESULTS>false</APPLY_DETAIL_CALCULATION_TO_RESULTS><APPLY_FORMER_DETAIL_CALCULATION_TO_RESULTS>false</APPLY_FORMER_DETAIL_CALCULATION_TO_RESULTS><RESULT_CALCULATION>NONE</RESULT_CALCULATION><DISAGGR_MODE>-1</DISAGGR_MODE><DISAGGR_KID>-1</DISAGGR_KID><CUSTOM_PARAMETERS/></DATA_CELL><DATA_CELL><MEMBERS><MEMBER characteristic="KEYFIGURES" name="0LNG14FL7XNG1KEJH5LO2JBH4"/></MEMBERS><DECIMALS>-1</DECIMALS><SCALING_FACTOR>-1</SCALING_FACTOR><EMPHASIZED>false</EMPHASIZED><SIGN_REVERSAL>false</SIGN_REVERSAL><DETAIL_CALCULATION>NONE</DETAIL_CALCULATION><DETAIL_CALCULATION_DIRECTION>DEFAULT</DETAIL_CALCULATION_DIRECTION><CUMULATION>false</CUMULATION><APPLY_DETAIL_CALCULATION_TO_RESULTS>false</APPLY_DETAIL_CALCULATION_TO_RESULTS><APPLY_FORMER_DETAIL_CALCULATION_TO_RESULTS>false</APPLY_FORMER_DETAIL_CALCULATION_TO_RESULTS><RESULT_CALCULATION>NONE</RESULT_CALCULATION><DISAGGR_MODE>-1</DISAGGR_MODE><DISAGGR_KID>-1</DISAGGR_KID><CUSTOM_PARAMETERS/></DATA_CELL><DATA_CELL><MEMBERS><MEMBER characteristic="KEYFIGURES" name="0LNG14FL7XNG1KEJH5LO2JHSO"/></MEMBERS><DECIMALS>-1</DECIMALS><SCALING_FACTOR>-1</SCALING_FACTOR><EMPHASIZED>false</EMPHASIZED><SIGN_REVERSAL>false</SIGN_REVERSAL><DETAIL_CALCULATION>NONE</DETAIL_CALCULATION><DETAIL_CALCULATION_DIRECTION>DEFAULT</DETAIL_CALCULATION_DIRECTION><CUMULATION>false</CUMULATION><APPLY_DETAIL_CALCULATION_TO_RESULTS>false</APPLY_DETAIL_CALCULATION_TO_RESULTS><APPLY_FORMER_DETAIL_CALCULATION_TO_RESULTS>false</APPLY_FORMER_DETAIL_CALCULATION_TO_RESULTS><RESULT_CALCULATION>NONE</RESULT_CALCULATION><DISAGGR_MODE>-1</DISAGGR_MODE><DISAGGR_KID>-1</DISAGGR_KID><CUSTOM_PARAMETERS/></DATA_CELL><DATA_CELL><MEMBERS><MEMBER characteristic="KEYFIGURES" name="20GPHCM4E3F12AX6MZ3XOH0DJ"/></MEMBERS><DECIMALS>-1</DECIMALS><SCALING_FACTOR>-1</SCALING_FACTOR><EMPHASIZED>false</EMPHASIZED><SIGN_REVERSAL>false</SIGN_REVERSAL><DETAIL_CALCULATION>NONE</DETAIL_CALCULATION><DETAIL_CALCULATION_DIRECTION>DEFAULT</DETAIL_CALCULATION_DIRECTION><CUMULATION>false</CUMULATION><APPLY_DETAIL_CALCULATION_TO_RESULTS>false</APPLY_DETAIL_CALCULATION_TO_RESULTS><APPLY_FORMER_DETAIL_CALCULATION_TO_RESULTS>false</APPLY_FORMER_DETAIL_CALCULATION_TO_RESULTS><RESULT_CALCULATION>NONE</RESULT_CALCULATION><DISAGGR_MODE>-1</DISAGGR_MODE><DISAGGR_KID>-1</DISAGGR_KID><CUSTOM_PARAMETERS/></DATA_CELL><DATA_CELL><MEMBERS><MEMBER characteristic="KEYFIGURES" name="DASM4WPJ52114IVQ5YVWC2J2Y"/></MEMBERS><DECIMALS>-1</DECIMALS><SCALING_FACTOR>-1</SCALING_FACTOR><EMPHASIZED>false</EMPHASIZED><SIGN_REVERSAL>false</SIGN_REVERSAL><DETAIL_CALCULATION>NONE</DETAIL_CALCULATION><DETAIL_CALCULATION_DIRECTION>DEFAULT</DETAIL_CALCULATION_DIRECTION><CUMULATION>false</CUMULATION><APPLY_DETAIL_CALCULATION_TO_RESULTS>false</APPLY_DETAIL_CALCULATION_TO_RESULTS><APPLY_FORMER_DETAIL_CALCULATION_TO_RESULTS>false</APPLY_FORMER_DETAIL_CALCULATION_TO_RESULTS><RESULT_CALCULATION>NONE</RESULT_CALCULATION><DISAGGR_MODE>-1</DISAGGR_MODE><DISAGGR_KID>-1</DISAGGR_KID><CUSTOM_PARAMETERS/></DATA_CELL></DATA_CELLS><CURRENCY_TRANSLATION mode=""/><RESULT_SET_SIZE_LIMIT>0</RESULT_SET_SIZE_LIMIT><DRILL_OPERATIONS/><EXCEPTIONS/><CONDITIONS/></BICS_VIEW>