﻿"<<BEGIN OF METADATA>>"
"<<BEGIN OF PROPERTIES>>"
"DESCRIPTION";""
"VERSION";"1"
"<<END OF PROPERTIES>>"
"<<BEGIN OF ROLESUPPORT>>"
"Role";"Name";"Description";"Field";"Referenced Characteristic";"Presentation";"Data Type";"Aggregation Mode"
"CHARACTERISTIC";"0D_PH2";"0D_PH2";"1";"";"TEXT";"STRING"
"CHARACTERISTIC";"0D_PH2";"0D_PH2";"2";"";"KEY";"UPPER_CASE_STRING"
"ATTRIBUTE";"0D_PREIS";"0D_PREIS";"3";"0D_PH2";"DISPLAY_KEY";"STRING"
"ATTRIBUTE";"0D_PREIS";"0D_PREIS";"4";"0D_PH2";"KEY";"STRING"
"CHARACTERISTIC";"0CALMONTH";"Calendar Year/Month";"5";"";"TEXT";"STRING"
"CHARACTERISTIC";"0CALMONTH";"Calendar Year/Month";"6";"";"KEY";"UPPER_CASE_STRING"
"ATTRIBUTE";"0NUMWDAY";"Number of Workdays";"7";"0CALMONTH";"DISPLAY_KEY";"STRING"
"ATTRIBUTE";"0NUMWDAY";"Number of Workdays";"8";"0CALMONTH";"KEY";"STRING"
"ATTRIBUTE";"0NUMDAY";"Number of Days";"9";"0CALMONTH";"DISPLAY_KEY";"STRING"
"ATTRIBUTE";"0NUMDAY";"Number of Days";"10";"0CALMONTH";"KEY";"STRING"
"KEYFIGURE";"95TWOIEM1H5G7RGESZHM8R5VD";"95TWOIEM1H5G7RGESZHM8R5VD";"11";"";"VALUE";"DOUBLE";"SUM"
"KEYFIGURE";"95TWOIEM1H5G7RGESZHM8R5VD";"95TWOIEM1H5G7RGESZHM8R5VD";"12";"";"CURRENCY";"STRING"
"KEYFIGURE";"97YMTUD7EUW4CXMZ0N7532T15";"97YMTUD7EUW4CXMZ0N7532T15";"13";"";"VALUE";"DOUBLE";"SUM"
"KEYFIGURE";"97YMTUD7EUW4CXMZ0N7532T15";"97YMTUD7EUW4CXMZ0N7532T15";"14";"";"UNIT";"STRING"
"KEYFIGURE";"9A3CZ6BSS8MSI3TJ8AWNXEG6X";"9A3CZ6BSS8MSI3TJ8AWNXEG6X";"15";"";"VALUE";"DOUBLE";"SUM"
"KEYFIGURE";"9A3CZ6BSS8MSI3TJ8AWNXEG6X";"9A3CZ6BSS8MSI3TJ8AWNXEG6X";"16";"";"CURRENCY";"STRING"
"KEYFIGURE";"9C834IAE5MDGNA03FYM6RQ3CP";"9C834IAE5MDGNA03FYM6RQ3CP";"17";"";"VALUE";"DOUBLE";"SUM"
"KEYFIGURE";"9C834IAE5MDGNA03FYM6RQ3CP";"9C834IAE5MDGNA03FYM6RQ3CP";"18";"";"UNIT";"STRING"
"<<END OF ROLESUPPORT>>"
"<<BEGIN OF FORMAT SETTINGS>>"
"TYPE";"VALUE"
"GROUP SEPARATOR";"."
"DECIMAL SEPARATOR";","
"DATE FORMAT";"M/d/yy"
"DATE TIME FORMAT";"M/d/yy h:mm a"
"STANDARD TIMEZONE";"Europe/Berlin"
"<<END OF FORMAT SETTINGS>>"
"<<END OF METADATA>>"
